Date,Open,High,Low,Close,Adj Close,Volume
2020-04-20,5813.930176,5816.899902,5704.200195,5733.649902,5732.175781,121500
2020-04-21,5704.299805,5704.299805,5571.080078,5592.250000,5590.812500,139200
2020-04-22,5517.669922,5577.910156,5461.939941,5573.750000,5572.316895,113900
2020-04-23,5631.839844,5672.080078,5599.549805,5599.549805,5598.110352,82000
2020-04-24,5622.759766,5622.759766,5464.979980,5464.979980,5463.575195,135700
2020-04-27,5493.209961,5493.209961,5390.970215,5450.450195,5449.048828,86600
2020-04-28,5470.830078,5574.979980,5466.470215,5574.979980,5573.546875,126700
2020-04-29,5589.270020,5656.009766,5556.229980,5643.970215,5642.519531,127400
2020-04-30,5695.129883,5716.879883,5654.959961,5700.709961,5699.244629,161300
2020-05-01,null,null,null,null,null,null
2020-05-04,5601.390137,5601.390137,5502.049805,5572.089844,5570.657227,135600
2020-05-05,5610.000000,5703.959961,5603.399902,5671.669922,5670.211914,263900
2020-05-06,5689.779785,5702.580078,5594.810059,5639.270020,5637.820313,269200
2020-05-07,5661.950195,5670.339844,5599.819824,5653.160156,5651.707031,171900
2020-05-08,5674.470215,5696.310059,5621.939941,5621.939941,5620.494629,174600
2020-05-11,5641.529785,5681.680176,5627.189941,5667.930176,5666.473145,116800
2020-05-12,5667.419922,5668.359863,5633.819824,5651.669922,5650.216797,130000
2020-05-13,5656.189941,5661.180176,5607.770020,5626.250000,5624.803711,144200
2020-05-14,5612.970215,5654.700195,5556.810059,5654.700195,5653.246582,86900
2020-05-15,5612.970215,5654.700195,5556.810059,5654.700195,5653.246582,121300
2020-05-18,5557.990234,5557.990234,5466.879883,5479.350098,5477.941406,81300
2020-05-19,5543.589844,5571.399902,5537.020020,5555.850098,5554.421875,115500
2020-05-20,5568.399902,5581.959961,5518.520020,5581.959961,5580.524902,71700
2020-05-21,5582.270020,5613.899902,5557.080078,5604.490234,5603.049316,101500
2020-05-22,5582.270020,5613.899902,5557.080078,5604.490234,5603.049316,116500
2020-05-25,null,null,null,null,null,null
2020-05-26,5526.990234,5533.649902,5396.129883,5496.830078,5495.416992,129600
2020-05-27,5499.970215,5523.779785,5423.779785,5523.779785,5522.359863,136000
2020-05-28,5533.220215,5574.220215,5492.089844,5570.220215,5568.788086,158400
2020-05-29,5600.720215,5838.839844,5600.720215,5838.839844,5837.338867,484200
2020-06-01,5791.319824,5931.649902,5750.000000,5930.169922,5928.645508,192500
2020-06-02,5933.430176,6043.089844,5930.049805,6025.169922,6023.621094,221100
2020-06-03,6064.669922,6245.649902,6062.049805,6245.649902,6244.044434,227700
2020-06-04,6231.560059,6517.490234,6231.560059,6517.490234,6515.814941,330100
2020-06-05,6452.640137,6465.129883,6299.830078,6465.129883,6463.467773,219600
2020-06-08,6487.759766,6551.259766,6430.720215,6514.000000,6512.325195,264900
2020-06-09,6527.359863,6583.839844,6438.970215,6583.839844,6582.147461,252500
2020-06-10,6551.319824,6551.319824,6349.200195,6439.370117,6437.714844,221000
2020-06-11,6398.189941,6476.240234,6263.200195,6476.240234,6474.575195,211100
2020-06-12,null,null,null,null,null,null
2020-06-15,6340.319824,6340.319824,6163.819824,6163.819824,6162.235352,211000
2020-06-16,6226.959961,6316.229980,6197.290039,6281.750000,6280.135254,163600
2020-06-17,6348.879883,6352.899902,6278.020020,6282.009766,6280.395020,240200
2020-06-18,6258.879883,6348.450195,6205.250000,6348.450195,6346.818359,162200
2020-06-19,6293.180176,6375.029785,6260.180176,6315.069824,6313.446289,335200
2020-06-22,6316.200195,6347.430176,6249.470215,6347.430176,6345.798340,226800
2020-06-23,6324.520020,6324.520020,6258.370117,6297.779785,6296.160645,219500
2020-06-24,6304.330078,6306.209961,6188.830078,6188.830078,6187.239258,209500
2020-06-25,6156.790039,6162.220215,6109.220215,6118.259766,6116.687012,253400
2020-06-26,6137.609863,6191.839844,6092.009766,6191.839844,6190.248047,151500
2020-06-29,6125.569824,6125.569824,6040.430176,6105.180176,6103.610840,188500
2020-06-30,6134.490234,6207.720215,6131.220215,6207.720215,6206.124512,152300
2020-07-01,6223.540039,6223.540039,6139.439941,6209.709961,6208.113770,104900
2020-07-02,6211.509766,6382.600098,6183.029785,6364.080078,6362.443848,164400
2020-07-03,6383.370117,6398.790039,6322.919922,6372.660156,6371.021973,114800
2020-07-06,6378.290039,6381.060059,6299.979980,6328.410156,6326.783203,119000
2020-07-07,6349.120117,6349.609863,6267.399902,6267.399902,6265.788574,121800
2020-07-08,6265.430176,6287.740234,6227.740234,6285.500000,6283.884277,347400
2020-07-09,6282.430176,6282.430176,6192.580078,6192.580078,6190.988281,100000
2020-07-10,6157.470215,6197.379883,6098.529785,6197.379883,6195.786621,121500
2020-07-13,6187.779785,6187.779785,6151.109863,6172.569824,6170.982910,124800
2020-07-14,6158.399902,6178.680176,6135.290039,6172.810059,6171.223145,122800
2020-07-15,6166.319824,6166.319824,6010.879883,6016.509766,6014.962891,204800
2020-07-16,6034.759766,6147.660156,6034.759766,6147.660156,6146.079590,103000
2020-07-17,6116.200195,6141.229980,6032.299805,6088.750000,6087.184570,93400
2020-07-20,6112.580078,6150.700195,6070.189941,6150.700195,6149.119141,80300
2020-07-21,6114.089844,6152.060059,6095.740234,6136.310059,6134.732422,99400
2020-07-22,6138.379883,6149.200195,6064.259766,6064.259766,6062.700684,135100
2020-07-23,6076.899902,6076.899902,5915.830078,6029.009766,6027.459961,120900
2020-07-24,6002.200195,6024.649902,5968.720215,6003.259766,6001.716309,61800
2020-07-27,5985.240234,5985.240234,5858.279785,5860.939941,5859.433105,108700
2020-07-28,5849.830078,5939.600098,5799.109863,5927.109863,5925.585938,105000
2020-07-29,5923.100098,5966.270020,5870.830078,5966.270020,5964.736328,80500
2020-07-30,5968.129883,5968.129883,5928.450195,5928.450195,5926.926270,120600
2020-07-31,null,null,null,null,null,null
2020-08-03,5816.229980,5816.229980,5695.529785,5715.919922,5714.450684,0
2020-08-04,5691.740234,5802.490234,5691.740234,5775.500000,5774.015137,130800
2020-08-05,5812.220215,5888.850098,5803.580078,5833.580078,5832.080566,161800
2020-08-06,5860.359863,5902.580078,5819.370117,5902.580078,5901.062500,151500
2020-08-07,5906.870117,5906.870117,5834.859863,5846.020020,5844.517090,129400
2020-08-10,5853.120117,5930.919922,5832.600098,5930.919922,5929.395020,89900
2020-08-11,5934.910156,5984.350098,5913.589844,5953.939941,5952.409180,136900
2020-08-12,5980.490234,5995.000000,5966.970215,5995.000000,5993.458984,0
2020-08-13,6015.259766,6097.779785,6010.600098,6097.779785,6096.212402,110700
2020-08-14,6069.669922,6076.910156,6014.779785,6076.910156,6075.348145,251900
2020-08-17,6081.109863,6081.109863,6012.140137,6068.779785,6067.219727,119400
2020-08-18,6098.080078,6156.450195,6058.979980,6156.450195,6154.867676,135000
2020-08-19,6167.129883,6167.129883,6042.120117,6042.120117,6040.566895,115500
2020-08-20,6058.350098,6064.089844,5962.640137,6005.399902,6003.855957,73500
2020-08-21,null,null,null,null,null,null
2020-08-24,5997.549805,5997.549805,5925.799805,5943.580078,5942.052246,626500
2020-08-25,5934.259766,5962.890137,5893.140137,5953.439941,5951.909668,80700
2020-08-26,5935.830078,5935.830078,5895.700195,5931.330078,5929.805176,118100
2020-08-27,5930.040039,5950.529785,5919.740234,5921.549805,5920.027344,116200
2020-08-28,5917.709961,5931.390137,5872.259766,5884.180176,5882.667480,203000
2020-08-31,null,null,null,null,null,null
2020-09-01,5922.060059,5946.220215,5799.240234,5799.240234,5797.749512,149300
2020-09-02,5820.700195,5820.700195,5703.589844,5738.390137,5736.915039,140800
2020-09-03,5751.140137,5775.970215,5723.459961,5772.859863,5771.375977,121100
2020-09-04,5750.160156,5785.089844,5695.779785,5785.089844,5783.602539,92800
2020-09-07,5787.700195,5935.850098,5772.009766,5935.850098,5934.324219,115600
2020-09-08,5917.540039,6034.029785,5908.470215,6034.029785,6032.478516,141500
2020-09-09,6000.160156,6000.160156,5932.839844,5932.839844,5931.314453,120400
2020-09-10,5955.549805,5973.589844,5902.390137,5902.390137,5900.872559,117600
2020-09-11,5906.939941,5967.959961,5888.359863,5967.959961,5966.425781,92200
2020-09-14,5954.229980,5997.140137,5934.470215,5997.140137,5995.598633,105400
2020-09-15,5989.439941,6018.209961,5947.850098,6018.209961,6016.662598,102700
2020-09-16,5996.990234,5996.990234,5943.919922,5946.620117,5945.091309,84400
2020-09-17,5946.049805,5946.049805,5886.330078,5943.520020,5941.992188,92800
2020-09-18,5945.250000,5952.100098,5886.370117,5908.899902,5907.380859,170600
2020-09-21,5913.600098,5925.310059,5879.759766,5909.319824,5907.800781,60400
2020-09-22,5893.189941,5894.279785,5837.029785,5894.279785,5892.764648,78600
2020-09-23,5900.879883,5903.580078,5876.779785,5892.720215,5891.205566,83100
2020-09-24,5888.200195,5888.200195,5845.799805,5845.799805,5844.296875,102000
2020-09-25,5842.810059,5880.180176,5829.660156,5838.660156,5837.159180,89300
2020-09-28,5870.520020,5872.189941,5846.229980,5861.390137,5859.883301,77100
2020-09-29,5878.279785,5878.319824,5841.600098,5841.600098,5840.098145,91500
2020-09-30,5863.500000,5878.529785,5849.500000,5864.229980,5862.722656,98100
2020-10-01,5881.899902,5944.870117,5857.379883,5944.870117,5943.341797,77200
2020-10-02,5942.149902,5999.399902,5924.859863,5999.399902,5997.857422,164000
2020-10-05,6005.580078,6010.759766,5938.950195,5938.950195,5937.423340,181400
2020-10-06,5938.410156,5949.669922,5850.850098,5910.640137,5909.120605,152000
2020-10-07,5904.910156,5904.910156,5845.680176,5867.879883,5866.371582,175900
2020-10-08,5888.450195,5942.660156,5825.479980,5942.660156,5941.132324,189500
2020-10-09,5943.709961,5943.709961,5908.520020,5931.609863,5930.084961,175200
2020-10-12,5935.399902,5954.470215,5910.729980,5937.049805,5935.523438,146600
2020-10-13,5938.609863,5946.069824,5920.770020,5923.229980,5921.707031,128600
2020-10-14,5923.919922,5933.830078,5913.009766,5925.299805,5923.776367,133800
2020-10-15,5930.430176,5950.500000,5919.549805,5938.330078,5936.803711,152800
2020-10-16,5921.339844,5939.620117,5898.470215,5898.470215,5896.954102,140600
2020-10-19,5913.779785,6019.259766,5913.779785,6019.259766,6017.712402,112200
2020-10-20,6022.609863,6133.000000,6018.330078,6112.709961,6111.138672,183300
2020-10-21,6146.040039,6290.680176,6146.040039,6278.589844,6276.975586,287400
2020-10-22,6309.870117,6344.629883,6241.310059,6344.629883,6342.999023,258300
2020-10-23,6370.919922,6484.450195,6370.919922,6484.060059,6482.393066,203800
2020-10-26,6496.189941,6517.259766,6453.200195,6491.189941,6489.520996,141900
2020-10-27,6467.450195,6467.450195,6381.189941,6415.080078,6413.431152,150500
2020-10-28,6413.600098,6415.029785,6377.790039,6377.790039,6376.150391,129000
2020-10-29,6326.310059,6326.310059,6248.479980,6249.390137,6247.783691,164500
2020-10-30,6233.600098,6328.379883,6202.899902,6324.000000,6322.374023,147400
2020-11-02,null,null,null,null,null,null
2020-11-03,6282.890137,6358.419922,6250.870117,6335.560059,6333.931152,92400
2020-11-04,6374.470215,6464.049805,6334.089844,6464.049805,6462.388184,126900
2020-11-05,6477.160156,6702.750000,6477.160156,6644.770020,6643.062012,202300
2020-11-06,6686.129883,6709.729980,6571.000000,6685.689941,6683.971191,196100
2020-11-09,6665.080078,6685.850098,6619.589844,6685.850098,6684.131348,148700
2020-11-10,6792.580078,7035.479980,6792.580078,7035.479980,7033.671387,273800
2020-11-11,6968.930176,7079.180176,6944.109863,7024.259766,7022.454102,296400
2020-11-12,null,null,null,null,null,null
2020-11-13,6933.890137,6972.660156,6917.020020,6969.879883,6968.087891,191300
2020-11-16,6991.390137,6991.390137,6857.890137,6918.049805,6916.271484,174100
2020-11-17,6950.520020,6971.600098,6921.120117,6959.140137,6957.351074,172000
2020-11-18,6971.899902,7051.779785,6970.490234,7051.779785,7049.966797,181900
2020-11-19,7008.959961,7012.540039,6974.649902,6997.620117,6997.620117,0
2020-11-20,7024.229980,7169.790039,7021.180176,7169.790039,7169.790039,226700
2020-11-23,7163.979980,7263.709961,7158.680176,7178.620117,7178.620117,414300
2020-11-24,7211.129883,7228.120117,7016.109863,7108.669922,7108.669922,210400
2020-11-25,7125.439941,7146.129883,6994.790039,7001.509766,7001.509766,268200
2020-11-26,6987.319824,6987.319824,6843.109863,6927.750000,6927.750000,186000
2020-11-27,6885.069824,6909.029785,6791.459961,6791.459961,6791.459961,594700
2020-11-30,null,null,null,null,null,null
2020-12-01,6740.299805,7009.560059,6740.299805,7009.560059,7009.560059,172400
2020-12-02,7019.250000,7080.620117,6988.270020,7080.620117,7080.620117,0
2020-12-03,7077.629883,7194.129883,7022.859863,7194.129883,7194.129883,0
2020-12-04,7184.569824,7196.959961,7097.350098,7134.560059,7134.560059,176200
2020-12-07,7173.700195,7203.669922,7142.299805,7203.669922,7203.669922,150500
2020-12-08,null,null,null,null,null,null
2020-12-09,7197.069824,7247.339844,7102.660156,7102.660156,7102.660156,226200
2020-12-10,7114.689941,7166.850098,7114.689941,7154.430176,7154.430176,127900
2020-12-11,7183.879883,7304.899902,7181.220215,7246.160156,7246.160156,167300
2020-12-14,7244.379883,7311.209961,7214.939941,7281.350098,7281.350098,176200
2020-12-15,7281.910156,7290.600098,7214.140137,7227.729980,7227.729980,203800
2020-12-16,7242.470215,7299.700195,7202.490234,7299.700195,7299.700195,138900
2020-12-17,7271.649902,7298.020020,7236.819824,7298.020020,7298.020020,111000
2020-12-18,7266.959961,7286.669922,7222.009766,7272.799805,7272.799805,149700
2020-12-21,7244.850098,7251.020020,7157.879883,7224.890137,7224.890137,111000
2020-12-22,7206.330078,7206.540039,7081.140137,7202.390137,7202.390137,172600
2020-12-23,7169.049805,7206.459961,7075.180176,7204.379883,7204.379883,99900
2020-12-24,7169.049805,7206.459961,7075.180176,7204.379883,7204.379883,0
2020-12-25,null,null,null,null,null,null
2020-12-28,7142.950195,7142.950195,7058.660156,7122.250000,7122.250000,89200
2020-12-29,7123.120117,7173.270020,7120.819824,7139.709961,7139.709961,118100
2020-12-30,null,null,null,null,null,null
2020-12-31,null,null,null,null,null,null
2021-01-01,null,null,null,null,null,null
2021-01-04,7149.640137,7207.790039,7137.910156,7197.500000,7197.500000,9100
2021-01-05,7186.720215,7186.720215,7104.000000,7134.180176,7134.180176,123300
2021-01-06,7126.910156,7127.009766,6928.899902,7047.850098,7047.850098,112000
2021-01-07,7054.390137,7126.069824,7028.060059,7119.609863,7119.609863,92700
2021-01-08,7141.350098,7289.879883,7134.750000,7289.879883,7289.879883,159000
2021-01-11,7292.990234,7432.399902,7285.080078,7304.790039,7304.790039,121200
2021-01-12,7326.540039,7326.540039,7253.810059,7258.109863,7258.109863,102000
2021-01-13,7259.459961,7284.600098,7233.990234,7242.850098,7242.850098,104100
2021-01-14,7183.950195,7308.439941,7180.879883,7273.149902,7273.149902,122600
2021-01-15,7282.259766,7297.410156,7238.459961,7238.459961,7238.459961,90700
2021-01-18,7230.049805,7230.049805,7157.629883,7203.439941,7203.439941,85700
2021-01-19,7158.729980,7198.450195,7137.560059,7198.450195,7198.450195,73600
2021-01-20,7164.060059,7172.160156,7082.750000,7143.299805,7143.299805,103600
2021-01-21,7161.069824,7161.069824,7112.330078,7140.290039,7140.290039,77800
2021-01-22,7116.759766,7116.759766,7007.200195,7045.830078,7045.830078,110200
2021-01-25,7026.770020,7071.500000,7012.759766,7071.500000,7071.500000,82900
2021-01-26,7039.169922,7039.169922,6961.060059,6977.160156,6977.160156,114700
2021-01-27,6947.520020,6949.479980,6824.879883,6863.609863,6863.609863,120000
2021-01-28,6808.720215,6918.299805,6770.750000,6851.839844,6851.839844,82300
2021-01-29,6826.649902,6827.379883,6612.620117,6612.620117,6612.620117,175300
2021-02-01,6634.589844,6814.759766,6634.589844,6814.759766,6814.759766,107300
2021-02-02,6838.259766,6917.919922,6837.310059,6867.879883,6867.879883,80800
2021-02-03,6895.430176,6913.299805,6819.419922,6859.459961,6859.459961,105600
2021-02-04,6858.040039,6903.750000,6809.410156,6903.750000,6903.750000,79200
2021-02-05,6899.149902,7019.180176,6843.830078,7019.180176,7019.180176,96100
2021-02-08,6997.279785,7032.120117,6965.930176,7024.479980,7024.479980,102200
2021-02-09,7014.790039,7091.919922,7014.790039,7065.549805,7065.549805,101500
2021-02-10,7076.379883,7159.109863,7073.779785,7082.149902,7082.149902,115800
2021-02-11,7059.479980,7076.009766,6991.009766,6991.009766,6991.009766,132200
2021-02-12,null,null,null,null,null,null
2021-02-15,6996.580078,7026.399902,6959.209961,6959.209961,6959.209961,79100
2021-02-16,6969.930176,7044.060059,6969.629883,7044.060059,7044.060059,92300
2021-02-17,6991.359863,6995.600098,6916.709961,6966.430176,6966.430176,88300
2021-02-18,6954.370117,6972.259766,6849.640137,6849.640137,6849.640137,111400
2021-02-19,6858.720215,6926.410156,6841.479980,6926.410156,6926.410156,103200
2021-02-22,6901.930176,6907.470215,6810.339844,6810.339844,6810.339844,78900
2021-02-23,6808.129883,6814.669922,6736.419922,6814.669922,6814.669922,111800
2021-02-24,6808.419922,6808.419922,6735.839844,6755.950195,6755.950195,85000
2021-02-25,null,null,null,null,null,null
2021-02-26,6718.060059,6827.169922,6681.140137,6794.859863,6794.859863,198600
2021-03-01,6828.700195,6874.399902,6798.810059,6872.970215,6872.970215,107500
2021-03-02,6862.640137,6919.540039,6848.810059,6919.540039,6919.540039,113400
2021-03-03,6918.740234,6942.759766,6871.180176,6942.759766,6942.759766,80100
2021-03-04,6911.169922,6921.100098,6839.339844,6882.490234,6882.490234,87500
2021-03-05,6864.580078,6896.250000,6829.209961,6881.370117,6881.370117,77500
2021-03-08,6879.770020,6879.770020,6745.750000,6756.919922,6756.919922,106300
2021-03-09,6738.830078,6769.379883,6668.330078,6766.830078,6766.830078,92600
2021-03-10,6752.899902,6808.319824,6727.100098,6808.319824,6808.319824,114000
2021-03-11,6782.569824,6782.569824,6705.669922,6719.180176,6719.180176,59000
2021-03-12,6734.399902,6749.129883,6693.910156,6728.549805,6728.549805,60800
2021-03-15,6694.089844,6694.089844,6489.790039,6552.459961,6552.459961,126900
2021-03-16,6529.100098,6610.529785,6519.180176,6559.080078,6559.080078,74800
2021-03-17,6574.310059,6593.529785,6548.540039,6566.830078,6566.830078,88600
2021-03-18,6581.470215,6675.839844,6577.640137,6630.850098,6630.850098,94200
2021-03-19,6628.740234,6638.930176,6436.100098,6436.100098,6436.100098,149900
2021-03-22,6381.589844,6444.580078,6325.640137,6395.169922,6395.169922,77100
2021-03-23,6381.819824,6446.350098,6381.819824,6446.350098,6446.350098,83600
2021-03-24,6427.720215,6497.009766,6393.140137,6497.009766,6497.009766,83800
2021-03-25,6498.509766,6603.549805,6498.509766,6581.000000,6581.000000,125600
2021-03-26,6567.890137,6576.600098,6526.290039,6544.629883,6544.629883,104300
2021-03-29,6469.259766,6653.520020,6432.069824,6607.779785,6607.779785,107000
2021-03-30,6586.930176,6603.060059,6504.180176,6545.549805,6545.549805,82200
2021-03-31,6554.430176,6557.040039,6443.089844,6443.089844,6443.089844,114900
2021-04-01,null,null,null,null,null,null
2021-04-02,null,null,null,null,null,null
2021-04-05,6447.399902,6500.350098,6446.040039,6495.149902,6495.149902,77800
2021-04-06,6521.259766,6590.109863,6518.490234,6590.109863,6590.109863,78800
2021-04-07,6591.049805,6651.709961,6578.120117,6651.709961,6651.709961,133700
2021-04-08,6648.709961,6648.709961,6542.270020,6545.169922,6545.169922,93600
2021-04-09,null,null,null,null,null,null
2021-04-12,6562.109863,6566.669922,6504.589844,6518.640137,6518.640137,93700
2021-04-13,6520.029785,6520.029785,6431.709961,6457.790039,6457.790039,129700
2021-04-14,6474.250000,6523.209961,6453.259766,6523.209961,6523.209961,117900
2021-04-15,6505.129883,6539.959961,6464.490234,6539.959961,6539.959961,140500
2021-04-16,6533.560059,6533.560059,6490.680176,6494.810059,6494.810059,85300
2021-04-19,6503.770020,6503.770020,6459.759766,6459.759766,6459.759766,131600
2021-04-20,6464.649902,6500.419922,6459.439941,6500.419922,6500.419922,105600
2021-04-21,6492.520020,6494.779785,6439.390137,6439.390137,6439.390137,140000
2021-04-22,6451.229980,6451.649902,6374.330078,6415.529785,6415.529785,146000
2021-04-23,6423.299805,6424.549805,6371.430176,6378.069824,6378.069824,125700
2021-04-26,6417.770020,6417.770020,6348.560059,6389.379883,6389.379883,107600
2021-04-27,6387.149902,6397.740234,6356.470215,6356.470215,6356.470215,139900
2021-04-28,6381.740234,6469.140137,6375.290039,6469.140137,6469.140137,139200
2021-04-29,6453.259766,6487.509766,6420.939941,6487.509766,6487.509766,118700
2021-04-30,6475.609863,6476.109863,6370.870117,6370.870117,6370.870117,116900
2021-05-03,6392.970215,6419.520020,6369.279785,6369.279785,6369.279785,77800
2021-05-04,6391.830078,6397.189941,6356.140137,6359.149902,6359.149902,90400
2021-05-05,6352.549805,6354.810059,6299.689941,6299.689941,6299.689941,109900
2021-05-06,6310.370117,6322.169922,6233.330078,6282.779785,6282.779785,107300
2021-05-07,6278.700195,6305.990234,6257.500000,6258.709961,6258.709961,86900
2021-05-10,6279.790039,6321.509766,6279.790039,6317.410156,6317.410156,88700
2021-05-11,6298.919922,6341.120117,6281.609863,6326.830078,6326.830078,128700
2021-05-12,6310.330078,6310.330078,6221.930176,6236.399902,6236.399902,199300
2021-05-13,null,null,null,null,null,null
2021-05-14,6262.310059,6269.359863,6080.939941,6269.359863,6269.359863,286100
2021-05-17,6226.830078,6283.580078,6188.740234,6283.580078,6283.580078,139300
2021-05-18,6230.540039,6258.770020,6210.000000,6244.740234,6244.740234,124200
2021-05-19,6262.520020,6269.990234,6204.450195,6245.709961,6245.709961,113600
2021-05-20,6253.020020,6253.020020,6197.640137,6197.640137,6197.640137,111000
2021-05-21,6201.879883,6218.410156,6172.180176,6199.250000,6199.250000,115700
2021-05-24,6195.870117,6209.049805,6156.200195,6164.890137,6164.890137,165100
2021-05-25,6173.250000,6203.000000,6164.899902,6196.709961,6196.709961,176300
2021-05-26,6223.669922,6377.100098,6213.439941,6341.240234,6341.240234,235800
2021-05-27,6665.140137,6665.140137,6665.140137,6665.140137,6665.140137,0
2021-05-28,6622.180176,6688.069824,6597.500000,6674.509766,6674.509766,301800
2021-05-31,6656.879883,6687.640137,6588.040039,6628.490234,6628.490234,122400
2021-06-01,6619.020020,6644.819824,6576.640137,6627.430176,6627.430176,79100
2021-06-02,6631.720215,6841.689941,6631.720215,6841.689941,6841.689941,226900
2021-06-03,6835.240234,6835.240234,6760.189941,6791.870117,6791.870117,138900
2021-06-04,6789.029785,6810.759766,6761.910156,6796.339844,6796.339844,110600
2021-06-07,6801.359863,6801.359863,6758.089844,6763.919922,6763.919922,88800
2021-06-08,6781.040039,6809.720215,6767.339844,6809.720215,6809.720215,83200
2021-06-09,6811.459961,6922.870117,6805.000000,6902.540039,6902.540039,184100
2021-06-10,6923.950195,6925.140137,6872.720215,6875.709961,6875.709961,164100
2021-06-11,6890.029785,6910.330078,6872.589844,6907.790039,6907.790039,120700
2021-06-14,6898.200195,6917.490234,6871.709961,6917.490234,6917.490234,108300
2021-06-15,6908.810059,6976.729980,6893.450195,6976.729980,6976.729980,118000
2021-06-16,6957.950195,7001.209961,6957.950195,6973.350098,6973.350098,153400
2021-06-17,6968.560059,6974.560059,6878.470215,6887.919922,6887.919922,111500
2021-06-18,6878.990234,6896.359863,6800.700195,6851.379883,6851.379883,167100
2021-06-21,6840.220215,6849.450195,6783.189941,6827.169922,6827.169922,120700
2021-06-22,6834.189941,6910.169922,6834.189941,6870.410156,6870.410156,77100
2021-06-23,6871.830078,6918.959961,6871.830078,6918.410156,6918.410156,80900
2021-06-24,6917.899902,6919.129883,6886.000000,6886.000000,6886.000000,109600
2021-06-25,6894.270020,6950.509766,6894.270020,6950.509766,6950.509766,92600
2021-06-28,6949.529785,6954.609863,6901.890137,6937.959961,6937.959961,139900
2021-06-29,6939.250000,6956.649902,6921.069824,6956.649902,6956.649902,119300
2021-06-30,6941.160156,6957.560059,6901.910156,6901.910156,6901.910156,140500
2021-07-01,6949.979980,7002.229980,6946.209961,6964.009766,6964.009766,108700
2021-07-02,6976.270020,7002.259766,6963.439941,7002.259766,7002.259766,156300
2021-07-05,6993.680176,7037.140137,6992.700195,7036.379883,7036.379883,89900
2021-07-06,7064.240234,7064.240234,6992.430176,6992.430176,6992.430176,120200
2021-07-07,6994.129883,6994.129883,6924.209961,6943.000000,6943.000000,141900
2021-07-08,6945.990234,6966.529785,6917.379883,6924.990234,6924.990234,116700
2021-07-09,6900.339844,6900.339844,6745.850098,6834.919922,6834.919922,179100
2021-07-12,6838.180176,6913.870117,6838.180176,6913.870117,6913.870117,83300
2021-07-13,6907.479980,6907.479980,6795.129883,6795.129883,6795.129883,116500
2021-07-14,6811.589844,6835.410156,6785.839844,6835.410156,6835.410156,120800
2021-07-15,6829.049805,6832.689941,6727.930176,6727.930176,6727.930176,80900
2021-07-16,6743.779785,6783.910156,6653.529785,6693.830078,6693.830078,142900
2021-07-19,6665.540039,6665.540039,6510.430176,6587.200195,6587.200195,148000
2021-07-20,null,null,null,null,null,null
2021-07-21,6611.669922,6611.669922,6451.120117,6476.209961,6476.209961,147800
2021-07-22,6496.970215,6586.009766,6496.970215,6576.620117,6576.620117,88000
2021-07-23,6600.879883,6611.310059,6461.750000,6520.740234,6520.740234,86600
2021-07-26,6509.740234,6509.740234,6372.609863,6372.609863,6372.609863,73400
2021-07-27,6404.209961,6522.580078,6401.660156,6522.580078,6522.580078,74100
2021-07-28,6511.830078,6511.830078,6370.250000,6473.029785,6473.029785,117600
2021-07-29,6465.209961,6523.560059,6442.509766,6496.529785,6496.529785,116900
2021-07-30,6520.120117,6520.120117,6270.229980,6270.229980,6270.229980,145800
2021-08-02,6304.029785,6446.310059,6293.660156,6446.310059,6446.310059,91200
2021-08-03,6442.399902,6560.060059,6376.109863,6560.060059,6560.060059,114000
2021-08-04,6570.939941,6598.180176,6545.560059,6585.209961,6585.209961,90900
2021-08-05,6605.459961,6605.459961,6539.910156,6547.270020,6547.270020,134200
2021-08-06,6549.890137,6578.410156,6539.910156,6539.910156,6539.910156,137200
2021-08-09,6555.740234,6637.430176,6537.200195,6632.569824,6632.569824,133200
2021-08-10,6644.390137,6644.390137,6584.629883,6623.229980,6623.229980,150400
2021-08-11,6630.060059,6666.859863,6630.060059,6666.859863,6666.859863,142200
2021-08-12,6648.229980,6648.229980,6546.089844,6556.569824,6556.569824,119000
2021-08-13,6564.779785,6588.439941,6320.189941,6320.189941,6320.189941,381400
2021-08-16,6420.310059,6513.680176,6413.770020,6513.680176,6513.680176,131900
2021-08-17,6511.020020,6589.350098,6511.020020,6561.410156,6561.410156,129200
2021-08-18,6568.720215,6680.180176,6567.520020,6680.180176,6680.180176,126000
2021-08-19,6678.430176,6718.509766,6615.240234,6718.509766,6718.509766,113200
2021-08-20,6717.939941,6743.279785,6633.220215,6633.220215,6633.220215,143800
2021-08-23,6679.520020,6690.180176,6591.669922,6591.669922,6591.669922,107900
2021-08-24,6631.870117,6678.819824,6628.399902,6678.819824,6678.819824,126300
2021-08-25,6682.930176,6822.149902,6666.930176,6822.149902,6822.149902,98900
2021-08-26,6822.830078,6850.180176,6808.939941,6820.529785,6820.529785,191300
2021-08-27,6799.080078,6831.259766,6774.020020,6786.620117,6786.620117,91700
2021-08-30,null,null,null,null,null,null
2021-08-31,6786.109863,6855.439941,6651.009766,6855.439941,6855.439941,286100
2021-09-01,6829.580078,6868.790039,6779.740234,6785.939941,6785.939941,170300
2021-09-02,6831.959961,6887.120117,6828.890137,6834.660156,6834.660156,185900
2021-09-03,6841.129883,6897.129883,6841.129883,6897.129883,6897.129883,168600
2021-09-06,6884.629883,6898.919922,6867.120117,6877.100098,6877.100098,130500
2021-09-07,6892.799805,6924.140137,6884.049805,6912.709961,6912.709961,125200
2021-09-08,6893.160156,6949.390137,6865.029785,6949.390137,6949.390137,115500
2021-09-09,6939.100098,6949.600098,6897.120117,6924.020020,6924.020020,139700
2021-09-10,6914.970215,6970.509766,6908.669922,6970.509766,6970.509766,146300
2021-09-13,6960.979980,6973.080078,6937.250000,6968.140137,6968.140137,115600
2021-09-14,6976.890137,7033.060059,6920.359863,6920.359863,6920.359863,151600
2021-09-15,6927.479980,6974.970215,6861.009766,6880.200195,6880.200195,160300
2021-09-16,6893.540039,6968.430176,6885.700195,6968.430176,6968.430176,159200
2021-09-17,6962.040039,6979.919922,6912.850098,6912.850098,6912.850098,368200
2021-09-20,6922.520020,6928.830078,6824.600098,6857.899902,6857.899902,156900
2021-09-21,6794.129883,6890.970215,6779.189941,6881.200195,6881.200195,127900
2021-09-22,6891.439941,6934.410156,6890.669922,6890.729980,6890.729980,162100
2021-09-23,6904.500000,6974.000000,6904.500000,6915.279785,6915.279785,128700
2021-09-24,6940.220215,6985.990234,6939.979980,6951.529785,6951.529785,139800
2021-09-27,6965.859863,6987.259766,6947.339844,6956.259766,6956.259766,181900
2021-09-28,6984.540039,6984.540039,6868.339844,6885.359863,6885.359863,168100
2021-09-29,6875.160156,6934.109863,6771.759766,6934.109863,6934.109863,224200
2021-09-30,6916.819824,6984.140137,6904.689941,6952.879883,6952.879883,174800
2021-10-01,6964.490234,6984.790039,6923.600098,6923.600098,6923.600098,92200
2021-10-04,6929.709961,6964.040039,6929.709961,6960.890137,6960.890137,103500
2021-10-05,6946.759766,6981.240234,6921.649902,6981.240234,6981.240234,103200
2021-10-06,6989.540039,7073.100098,6973.279785,7057.450195,7057.450195,197000
2021-10-07,7049.169922,7098.299805,6951.299805,6951.299805,6951.299805,215700
2021-10-08,6972.180176,7076.009766,6906.859863,6906.859863,6906.859863,266400
2021-10-11,6936.459961,7171.430176,6936.459961,7124.009766,7124.009766,187400
2021-10-12,7115.240234,7166.629883,7095.910156,7107.819824,7107.819824,172300
2021-10-13,7121.589844,7159.419922,7030.680176,7068.919922,7068.919922,262900
2021-10-14,7132.189941,7194.589844,7132.189941,7183.109863,7183.109863,217100
2021-10-15,7194.990234,7228.589844,7168.419922,7213.459961,7213.459961,227800
2021-10-18,7193.569824,7225.740234,7158.240234,7219.810059,7219.810059,240900
2021-10-19,7236.259766,7289.970215,7236.259766,7266.310059,7266.310059,230900
2021-10-20,7250.459961,7297.080078,7250.459961,7297.080078,7297.080078,169100
2021-10-21,7321.250000,7326.100098,7279.910156,7311.720215,7311.720215,283000
2021-10-22,7305.220215,7305.220215,7265.419922,7289.609863,7289.609863,139000
2021-10-25,7277.819824,7295.350098,7198.419922,7211.540039,7211.540039,162400
2021-10-26,7221.490234,7252.100098,7181.470215,7252.100098,7252.100098,156400
2021-10-27,7254.200195,7287.029785,7218.609863,7230.149902,7230.149902,180900
2021-10-28,7235.220215,7251.479980,7144.439941,7157.729980,7157.729980,160200
2021-10-29,7159.660156,7182.609863,7043.680176,7054.700195,7054.700195,179200
2021-11-01,null,null,null,null,null,null
2021-11-02,7159.660156,7182.609863,7043.680176,7106.009766,7106.009766,0
2021-11-03,7136.669922,7210.959961,7136.669922,7184.720215,7184.720215,136500
2021-11-04,7221.470215,7224.049805,7176.640137,7203.720215,7203.720215,101100
2021-11-05,7247.209961,7354.370117,7243.279785,7340.770020,7340.770020,189900
2021-11-08,7374.419922,7424.939941,7373.529785,7396.220215,7396.220215,168500
2021-11-09,7415.970215,7441.669922,7407.279785,7441.669922,7441.669922,192700
2021-11-10,7454.490234,7475.750000,7361.299805,7375.680176,7375.680176,131900
2021-11-11,7360.890137,7376.720215,7315.220215,7331.649902,7331.649902,119800
2021-11-12,7329.810059,7387.819824,7329.250000,7382.839844,7382.839844,184200
2021-11-15,7378.729980,7378.729980,7333.310059,7342.370117,7342.370117,109100
2021-11-16,7343.240234,7367.419922,7307.709961,7367.419922,7367.419922,184400
2021-11-17,7356.870117,7381.459961,7344.359863,7349.819824,7349.819824,105500
2021-11-18,7358.069824,7358.069824,7292.779785,7299.339844,7299.339844,108600
2021-11-19,7298.089844,7298.089844,7209.669922,7280.569824,7280.569824,140000
2021-11-22,7268.740234,7282.669922,7231.899902,7282.669922,7282.669922,122600
2021-11-23,7272.700195,7401.160156,7261.109863,7401.160156,7401.160156,172700
2021-11-24,7395.490234,7419.100098,7365.770020,7419.100098,7419.100098,135200
2021-11-25,7389.109863,7397.580078,7335.459961,7369.270020,7369.270020,135500
2021-11-26,7346.069824,7346.069824,7263.430176,7278.439941,7278.439941,218500
2021-11-29,7151.660156,7202.720215,7000.000000,7200.879883,7200.879883,795500
2021-11-30,null,null,null,null,null,null
2021-12-01,7194.089844,7194.089844,6928.299805,6947.060059,6947.060059,296500
2021-12-02,6952.479980,7065.890137,6945.990234,7032.540039,7032.540039,168900
2021-12-03,7074.009766,7120.069824,7055.189941,7055.189941,7055.189941,105200
2021-12-06,7075.759766,7151.759766,7075.759766,7130.740234,7130.740234,119600
2021-12-07,7153.419922,7170.819824,7098.029785,7147.299805,7147.299805,179700
2021-12-08,null,null,null,null,null,null
2021-12-09,7124.660156,7234.919922,7113.720215,7234.919922,7234.919922,180400
2021-12-10,7231.240234,7231.240234,7180.359863,7192.169922,7192.169922,100500
2021-12-13,7192.799805,7226.819824,7192.799805,7197.609863,7197.609863,115600
2021-12-14,7252.009766,7252.009766,7158.649902,7241.990234,7241.990234,115900
2021-12-15,7234.970215,7263.270020,7096.149902,7132.580078,7132.580078,225500
2021-12-16,7132.580078,7233.259766,7132.580078,7233.259766,7233.259766,144300
2021-12-17,7195.439941,7297.660156,7188.709961,7297.660156,7297.660156,130700
2021-12-20,7236.120117,7239.850098,7179.410156,7237.609863,7237.609863,83900
2021-12-21,7226.000000,7234.899902,7167.060059,7167.060059,7167.060059,197400
2021-12-22,7119.189941,7119.189941,7119.189941,7119.189941,7119.189941,0
2021-12-23,7143.669922,7248.049805,7143.669922,7248.049805,7248.049805,131800
2021-12-24,7257.720215,7257.720215,7181.859863,7181.859863,7181.859863,45000
2021-12-27,7184.879883,7254.799805,7166.930176,7254.799805,7254.799805,53100
2021-12-28,7239.779785,7288.580078,7239.779785,7286.560059,7286.560059,90800
2021-12-29,7277.080078,7334.560059,7237.009766,7334.560059,7334.560059,161400
2021-12-30,null,null,null,null,null,null
2021-12-31,7274.689941,7274.689941,7119.439941,7122.629883,7122.629883,108200
2022-01-03,7101.640137,7101.640137,7041.270020,7041.270020,7041.270020,86300
2022-01-04,null,null,null,null,null,null
2022-01-05,7069.169922,7131.000000,6999.169922,7091.399902,7091.399902,167200
2022-01-06,7037.990234,7085.520020,7008.069824,7085.520020,7085.520020,114900
2022-01-07,7074.990234,7077.250000,6978.080078,7011.109863,7011.109863,152300
2022-01-10,6990.069824,7156.839844,6966.850098,7140.669922,7140.669922,123400
2022-01-11,7114.870117,7160.799805,7067.979980,7085.689941,7085.689941,111400
2022-01-12,7142.529785,7215.129883,7134.000000,7215.129883,7215.129883,123100
2022-01-13,7217.379883,7317.089844,7217.379883,7307.750000,7307.750000,129200
2022-01-14,7281.450195,7293.439941,7261.339844,7261.339844,7261.339844,89300
2022-01-17,7266.410156,7280.109863,7223.830078,7223.830078,7223.830078,72900
2022-01-18,7246.350098,7343.959961,7244.839844,7343.959961,7343.959961,70000
2022-01-19,7304.620117,7304.620117,7242.279785,7261.540039,7261.540039,101500
2022-01-20,7258.169922,7281.560059,7218.680176,7239.279785,7239.279785,182000
2022-01-21,7225.220215,7293.520020,7204.270020,7293.520020,7293.520020,77900
2022-01-24,7256.399902,7256.850098,7215.270020,7252.640137,7252.640137,76900
2022-01-25,7262.629883,7288.209961,7242.080078,7288.209961,7288.209961,83400
2022-01-26,7283.149902,7283.149902,7210.209961,7253.609863,7253.609863,108000
2022-01-27,7243.689941,7275.279785,7237.799805,7273.520020,7273.520020,79200
2022-01-28,7266.959961,7315.310059,7251.970215,7251.970215,7251.970215,132500
2022-01-31,7279.049805,7369.939941,7279.049805,7361.649902,7361.649902,114000
2022-02-01,null,null,null,null,null,null
2022-02-02,7380.140137,7517.500000,7380.140137,7458.990234,7458.990234,127100
2022-02-03,7460.589844,7460.589844,7382.770020,7382.770020,7382.770020,101900
2022-02-04,7407.970215,7470.129883,7394.439941,7456.350098,7456.350098,129600
2022-02-07,7469.290039,7474.529785,7378.700195,7380.299805,7380.299805,166500
2022-02-08,7400.899902,7473.709961,7400.899902,7458.229980,7458.229980,98100
2022-02-09,7475.209961,7552.200195,7475.209961,7502.479980,7502.479980,158900
2022-02-10,7508.729980,7538.779785,7427.439941,7432.620117,7432.620117,173800
2022-02-11,7446.209961,7446.209961,7270.359863,7270.359863,7270.359863,425900
2022-02-14,7276.629883,7361.149902,7276.629883,7361.149902,7361.149902,179500
2022-02-15,7338.279785,7372.649902,7292.950195,7309.939941,7309.939941,218800
2022-02-16,7324.879883,7452.819824,7324.879883,7452.819824,7452.819824,214500
2022-02-17,7455.089844,7464.189941,7423.950195,7438.930176,7438.930176,167300
2022-02-18,7419.580078,7425.439941,7368.669922,7418.790039,7418.790039,187400
2022-02-21,7330.439941,7372.250000,7257.430176,7372.250000,7372.250000,141800
2022-02-22,7341.350098,7440.910156,7289.549805,7440.910156,7440.910156,139800
2022-02-23,7414.990234,7414.990234,7347.439941,7364.209961,7364.209961,135300
2022-02-24,7355.870117,7383.899902,7179.629883,7212.229980,7212.229980,219400
2022-02-25,null,null,null,null,null,null
2022-02-28,7175.819824,7326.069824,7175.819824,7311.009766,7311.009766,228000
2022-03-01,7322.379883,7404.609863,7317.439941,7404.609863,7404.609863,126100
2022-03-02,7375.620117,7379.129883,7286.259766,7304.020020,7304.020020,104000
2022-03-03,7319.879883,7388.089844,7310.240234,7388.089844,7388.089844,109000
2022-03-04,7369.799805,7375.279785,7320.439941,7342.009766,7342.009766,87200
2022-03-07,7304.759766,7304.759766,7158.330078,7288.069824,7288.069824,158600
2022-03-08,7167.950195,7176.189941,6977.729980,6977.729980,6977.729980,231700
2022-03-09,6967.540039,7095.120117,6967.540039,6989.879883,6989.879883,156500
2022-03-10,7094.779785,7125.399902,7043.450195,7124.799805,7124.799805,129800
2022-03-11,7084.779785,7112.189941,7044.839844,7112.189941,7112.189941,118900
2022-03-14,7076.790039,7076.790039,6797.089844,6816.950195,6816.950195,171900
2022-03-15,6820.779785,7019.919922,6638.399902,7019.919922,7019.919922,172500
2022-03-16,7004.569824,7026.450195,6957.459961,7026.450195,7026.450195,143200
2022-03-17,7053.540039,7156.770020,7046.560059,7122.450195,7122.450195,157900
2022-03-18,7112.000000,7140.899902,7007.629883,7007.629883,7007.629883,367900
2022-03-21,7024.790039,7054.979980,6949.850098,6956.600098,6956.600098,127700
2022-03-22,6940.850098,7008.939941,6900.490234,7008.939941,7008.939941,118400
2022-03-23,6986.189941,7013.669922,6977.609863,7009.430176,7009.430176,94600
2022-03-24,7013.390137,7082.609863,6985.470215,7082.609863,7082.609863,125100
2022-03-25,7073.609863,7124.839844,7048.529785,7124.839844,7124.839844,102100
2022-03-28,7120.740234,7134.359863,7080.370117,7134.359863,7134.359863,87900
2022-03-29,7090.220215,7115.089844,7062.720215,7115.089844,7115.089844,115600
2022-03-30,7097.180176,7167.020020,7097.180176,7167.020020,7167.020020,164400
2022-03-31,7173.689941,7203.470215,7156.490234,7203.470215,7203.470215,172400
2022-04-01,7160.479980,7162.439941,7103.470215,7152.879883,7152.879883,102000
2022-04-04,7124.250000,7163.209961,7124.250000,7163.209961,7163.209961,78500
2022-04-05,7158.569824,7158.569824,7106.490234,7156.069824,7156.069824,70400
2022-04-06,7129.270020,7130.919922,7080.490234,7109.259766,7109.259766,82700
2022-04-07,7100.060059,7120.819824,6926.029785,6926.029785,6926.029785,149600
2022-04-08,6957.419922,7018.020020,6950.100098,7018.020020,7018.020020,87200
2022-04-11,7017.950195,7026.919922,6988.290039,6988.290039,6988.290039,57400
2022-04-12,6992.970215,6992.970215,6895.359863,6895.359863,6895.359863,105300
2022-04-13,6907.970215,6984.899902,6907.970215,6984.899902,6984.899902,76900
2022-04-14,null,null,null,null,null,null
2022-04-15,null,null,null,null,null,null
2022-04-18,7010.919922,7010.919922,6977.399902,6996.109863,6996.109863,52800
2022-04-19,7037.740234,7037.740234,7037.740234,7037.740234,7037.740234,0
2022-04-20,7085.229980,7142.419922,7067.740234,7142.419922,7142.419922,92700
2022-04-21,7145.500000,7156.850098,7050.620117,7061.490234,7061.490234,104800
2022-04-22,7067.930176,7072.589844,6959.950195,6998.589844,6998.589844,76600
2022-04-25,6971.879883,7020.830078,6913.430176,7020.830078,7020.830078,84800
2022-04-26,6996.009766,7001.910156,6964.000000,6980.020020,6980.020020,73100
2022-04-27,6936.100098,6945.299805,6832.919922,6863.910156,6863.910156,89300
2022-04-28,6858.000000,6909.450195,6828.850098,6909.450195,6909.450195,97700
2022-04-29,6911.640137,6911.640137,6731.250000,6731.250000,6731.250000,189900
2022-05-02,6742.830078,6764.100098,6668.390137,6721.080078,6721.080078,79500
2022-05-03,null,null,null,null,null,null
2022-05-04,6736.299805,6802.729980,6630.459961,6802.729980,6802.729980,111300
2022-05-05,6827.939941,6881.589844,6785.390137,6868.919922,6868.919922,104500
2022-05-06,6800.939941,6855.009766,6759.899902,6759.899902,6759.899902,93300
2022-05-09,null,null,null,null,null,null
2022-05-10,6632.350098,6720.930176,6547.439941,6720.930176,6720.930176,170500
2022-05-11,6677.240234,6695.850098,6630.520020,6635.859863,6635.859863,153700
2022-05-12,6633.680176,6633.680176,6532.299805,6532.299805,6532.299805,170300
2022-05-13,6545.520020,6569.359863,6379.169922,6379.169922,6379.169922,340000
2022-05-16,6458.569824,6539.330078,6458.569824,6502.120117,6502.120117,173600
2022-05-17,6518.120117,6594.660156,6495.680176,6594.660156,6594.660156,298100
2022-05-18,6621.169922,6727.600098,6607.979980,6727.600098,6727.600098,223600
2022-05-19,6651.169922,6711.149902,6597.140137,6660.049805,6660.049805,225700
2022-05-20,6683.149902,6763.740234,6683.149902,6746.330078,6746.330078,167000
2022-05-23,6757.589844,6757.589844,6678.009766,6687.850098,6687.850098,143000
2022-05-24,6693.609863,6693.609863,6577.450195,6577.450195,6577.450195,145000
2022-05-25,6580.089844,6612.080078,6574.979980,6597.759766,6597.759766,133800
2022-05-26,6607.189941,6645.520020,6589.180176,6645.520020,6645.520020,139200
2022-05-27,6655.509766,6726.140137,6641.160156,6726.140137,6726.140137,142300
2022-05-30,6741.950195,6839.270020,6729.899902,6822.319824,6822.319824,153900
2022-05-31,6832.080078,6832.080078,6774.680176,6774.680176,6774.680176,1029500
2022-06-01,6786.919922,6786.919922,6698.790039,6712.209961,6712.209961,118300
2022-06-02,6722.729980,6722.729980,6653.410156,6686.830078,6686.830078,84400
2022-06-03,6667.620117,6743.149902,6653.959961,6741.399902,6741.399902,93800
2022-06-06,6747.600098,6749.069824,6699.970215,6716.879883,6716.879883,132100
2022-06-07,6717.620117,6754.009766,6705.629883,6754.009766,6754.009766,96500
2022-06-08,6768.350098,6797.549805,6733.140137,6769.620117,6769.620117,110200
2022-06-09,6796.379883,6796.379883,6684.629883,6758.589844,6758.589844,101700
2022-06-10,6713.330078,6713.330078,6530.040039,6530.040039,6530.040039,121100
2022-06-13,6503.060059,6503.529785,6430.450195,6467.009766,6467.009766,125300
2022-06-14,6416.870117,6474.529785,6384.410156,6474.529785,6474.529785,131300
2022-06-15,6443.850098,6472.640137,6319.419922,6319.419922,6319.419922,128000
2022-06-16,6374.430176,6393.379883,6327.229980,6393.009766,6393.009766,128000
2022-06-17,6308.859863,6331.560059,6273.729980,6331.560059,6331.560059,281300
2022-06-20,6341.979980,6349.009766,6302.500000,6333.939941,6333.939941,87100
2022-06-21,6349.259766,6370.740234,6255.680176,6285.189941,6285.189941,108900
2022-06-22,6289.270020,6299.410156,6168.000000,6168.000000,6168.000000,149500
2022-06-23,6177.560059,6215.899902,6054.790039,6065.229980,6065.229980,140900
2022-06-24,6096.479980,6217.560059,6096.479980,6217.560059,6217.560059,142500
2022-06-27,6241.939941,6253.509766,6197.979980,6238.819824,6238.819824,143300
2022-06-28,6247.140137,6349.490234,6232.049805,6345.410156,6345.410156,162300
2022-06-29,6361.229980,6374.910156,6303.189941,6303.189941,6303.189941,131200
2022-06-30,6321.040039,6337.339844,6140.220215,6155.430176,6155.430176,171500
2022-07-01,6174.370117,6223.560059,6148.430176,6165.350098,6165.350098,124700
2022-07-04,6195.899902,6210.830078,6160.879883,6183.620117,6183.620117,100400
2022-07-05,6193.160156,6309.990234,6193.160156,6309.990234,6309.990234,110700
2022-07-06,6323.620117,6445.009766,6312.089844,6445.009766,6445.009766,132600
2022-07-07,6419.899902,6425.229980,6332.540039,6352.319824,6352.319824,127800
2022-07-08,6366.680176,6497.970215,6358.439941,6361.819824,6361.819824,168600
2022-07-11,6381.109863,6396.000000,6315.520020,6388.640137,6388.640137,80800
2022-07-12,6378.339844,6393.680176,6349.939941,6349.939941,6349.939941,80100
2022-07-13,6347.629883,6351.819824,6235.569824,6255.370117,6255.370117,128100
2022-07-14,6250.060059,6255.959961,6166.609863,6248.129883,6248.129883,112000
2022-07-15,6240.830078,6240.830078,6127.259766,6195.259766,6195.259766,111800
2022-07-18,6182.270020,6268.779785,6162.270020,6268.779785,6268.779785,80800
2022-07-19,6255.569824,6287.029785,6249.259766,6286.240234,6286.240234,90200
2022-07-20,6294.970215,6351.770020,6263.990234,6274.799805,6274.799805,116800
2022-07-21,6298.310059,6347.580078,6245.629883,6256.169922,6256.169922,149200
2022-07-22,6258.569824,6266.629883,6233.410156,6263.390137,6263.390137,63100
2022-07-25,6239.350098,6241.660156,6163.259766,6209.529785,6209.529785,72300
2022-07-26,6206.799805,6234.250000,6201.970215,6223.000000,6223.000000,74600
2022-07-27,6208.930176,6237.270020,6171.450195,6236.759766,6236.759766,56400
2022-07-28,6274.720215,6379.259766,6274.720215,6379.259766,6379.259766,98800
2022-07-29,6351.700195,6351.700195,6265.950195,6315.930176,6315.930176,117500
2022-08-01,6309.069824,6325.970215,6227.330078,6312.029785,6312.029785,134700
2022-08-02,6310.029785,6362.299805,6291.939941,6362.299805,6362.299805,117100
2022-08-03,6359.970215,6430.080078,6336.020020,6430.080078,6430.080078,133200
2022-08-04,6435.609863,6483.109863,6415.390137,6483.109863,6483.109863,104800
2022-08-05,6484.609863,6519.799805,6405.500000,6405.500000,6405.500000,270400
2022-08-08,6425.470215,6437.919922,6370.830078,6434.240234,6434.240234,119700
2022-08-09,6431.600098,6468.970215,6408.390137,6468.970215,6468.970215,129400
2022-08-10,6464.560059,6471.839844,6413.959961,6471.839844,6471.839844,121600
2022-08-11,6505.740234,6680.680176,6505.740234,6680.680176,6680.680176,197000
2022-08-12,6676.270020,6730.529785,6646.790039,6699.660156,6699.660156,173900
2022-08-15,6699.490234,6745.959961,6691.169922,6737.839844,6737.839844,110400
2022-08-16,6735.560059,6850.640137,6703.089844,6850.640137,6850.640137,207000
2022-08-17,6845.649902,6883.600098,6817.000000,6818.990234,6818.990234,156000
2022-08-18,6770.419922,6844.140137,6753.029785,6824.629883,6824.629883,181200
2022-08-19,6834.759766,6867.890137,6819.149902,6863.859863,6863.859863,102600
2022-08-22,6848.950195,6848.950195,6704.410156,6704.410156,6704.410156,120000
2022-08-23,6680.520020,6680.520020,6591.830078,6618.379883,6618.379883,126000
2022-08-24,6618.859863,6677.689941,6614.839844,6643.450195,6643.450195,75200
2022-08-25,6657.180176,6726.680176,6656.700195,6706.430176,6706.430176,61800
2022-08-26,6697.040039,6752.500000,6680.729980,6752.500000,6752.500000,176300
2022-08-29,null,null,null,null,null,null
2022-08-30,6616.430176,6690.439941,6600.990234,6690.270020,6690.270020,146200
2022-08-31,6661.149902,6661.149902,6583.649902,6583.649902,6583.649902,247500
2022-09-01,6594.669922,6606.209961,6569.169922,6588.279785,6588.279785,125600
2022-09-02,6586.080078,6692.649902,6586.080078,6692.649902,6692.649902,97500
2022-09-05,6693.839844,6698.540039,6640.029785,6676.040039,6676.040039,84400
2022-09-06,6681.129883,6721.410156,6668.410156,6709.600098,6709.600098,95500
2022-09-07,6709.459961,6709.459961,6554.080078,6554.080078,6554.080078,118500
2022-09-08,6574.479980,6600.660156,6548.080078,6593.740234,6593.740234,124000
2022-09-09,6593.569824,6629.290039,6586.720215,6606.000000,6606.000000,81100
2022-09-12,6625.399902,6715.750000,6625.399902,6715.750000,6715.750000,72100
2022-09-13,6710.890137,6710.890137,6666.140137,6701.810059,6701.810059,85000
2022-09-14,6604.479980,6618.129883,6560.509766,6582.859863,6582.859863,136300
2022-09-15,6586.549805,6633.629883,6575.669922,6575.669922,6575.669922,101600
2022-09-16,6586.910156,6588.250000,6539.250000,6548.770020,6548.770020,439600
2022-09-19,6544.640137,6550.020020,6433.319824,6437.419922,6437.419922,106900
2022-09-20,6459.919922,6500.759766,6448.459961,6448.459961,6448.459961,97800
2022-09-21,6437.399902,6446.979980,6315.540039,6341.689941,6341.689941,128600
2022-09-22,6304.189941,6304.189941,6227.580078,6301.709961,6301.709961,161100
2022-09-23,6291.370117,6291.370117,6235.669922,6259.540039,6259.540039,126400
2022-09-26,null,null,null,null,null,null
2022-09-27,6193.040039,6193.040039,5962.169922,6020.069824,6020.069824,179200
2022-09-28,6038.979980,6044.169922,5879.680176,5879.680176,5879.680176,147000
2022-09-29,5967.319824,6006.520020,5911.649902,5934.250000,5934.250000,152000
2022-09-30,5874.569824,5874.569824,5741.069824,5741.069824,5741.069824,180600
2022-10-03,5734.339844,5784.189941,5699.299805,5783.149902,5783.149902,89900
2022-10-04,5851.770020,5987.720215,5850.649902,5987.720215,5987.720215,103400
2022-10-05,6033.430176,6033.430176,5949.810059,5988.589844,5988.589844,107200
2022-10-06,5990.279785,6021.580078,5934.270020,5934.270020,5934.270020,80000
2022-10-07,5940.770020,5941.799805,5869.589844,5932.189941,5932.189941,74000
2022-10-10,5898.830078,5898.830078,5832.580078,5832.580078,5832.580078,66500
2022-10-11,5849.870117,5899.399902,5835.220215,5847.370117,5847.370117,100600
2022-10-12,5850.589844,5873.109863,5836.819824,5853.629883,5853.629883,74900
2022-10-13,5869.850098,5914.729980,5841.569824,5895.640137,5895.640137,78600
2022-10-14,5954.959961,5967.689941,5904.750000,5904.750000,5904.750000,103000
2022-10-17,5901.549805,5977.129883,5891.779785,5970.330078,5970.330078,72200
2022-10-18,5997.779785,6128.640137,5969.779785,6128.640137,6128.640137,128000
2022-10-19,6130.950195,6148.310059,6077.379883,6148.310059,6148.310059,80400
2022-10-20,6137.259766,6181.750000,6028.490234,6055.990234,6055.990234,257900
2022-10-21,6067.629883,6075.740234,5983.560059,5983.560059,5983.560059,80700
2022-10-24,6021.540039,6071.700195,6018.979980,6028.790039,6028.790039,69300
2022-10-25,6038.109863,6073.410156,6020.879883,6073.410156,6073.410156,80800
2022-10-26,6070.009766,6121.529785,6053.589844,6121.529785,6121.529785,62000
2022-10-27,6120.899902,6230.580078,6111.939941,6230.580078,6230.580078,95900
2022-10-28,6210.839844,6210.839844,6153.430176,6153.430176,6153.430176,93100
2022-10-31,null,null,null,null,null,null
2022-11-01,null,null,null,null,null,null
2022-11-02,6258.910156,6258.910156,6159.600098,6206.240234,6206.240234,120500
2022-11-03,6155.799805,6157.459961,6110.029785,6156.109863,6156.109863,79100
2022-11-04,6148.470215,6185.529785,6083.500000,6185.529785,6185.529785,85300
2022-11-07,6184.790039,6295.580078,6167.649902,6295.580078,6295.580078,101100
2022-11-08,6303.580078,6345.830078,6260.500000,6289.100098,6289.100098,92000
2022-11-09,6286.250000,6320.390137,6236.959961,6241.680176,6241.680176,112200
2022-11-10,6230.839844,6248.910156,6158.259766,6167.569824,6167.569824,106500
2022-11-11,6307.729980,6349.259766,6272.200195,6286.770020,6286.770020,109700
2022-11-14,6296.220215,6362.350098,6289.049805,6354.759766,6354.759766,140700
2022-11-15,6334.669922,6418.939941,6320.740234,6418.939941,6418.939941,128900
2022-11-16,6423.629883,6423.629883,6333.950195,6392.089844,6392.089844,174800
2022-11-17,6380.810059,6406.009766,6366.049805,6403.740234,6403.740234,102800
2022-11-18,6415.339844,6451.609863,6403.500000,6437.379883,6437.379883,143000
2022-11-21,6451.439941,6451.439941,6364.299805,6403.240234,6403.240234,115400
2022-11-22,6401.399902,6463.180176,6401.399902,6429.649902,6429.649902,106500
2022-11-23,6441.419922,6510.319824,6437.759766,6510.319824,6510.319824,100400
2022-11-24,6503.979980,6536.169922,6496.890137,6530.509766,6530.509766,107800
2022-11-25,6529.109863,6606.939941,6480.620117,6606.939941,6606.939941,115000
2022-11-28,6589.930176,6681.609863,6570.620117,6681.470215,6681.470215,141200
2022-11-29,6652.000000,6780.779785,6600.020020,6780.779785,6780.779785,1304800
2022-11-30,null,null,null,null,null,null
2022-12-01,6814.140137,6814.140137,6732.959961,6734.089844,6734.089844,237300
2022-12-02,6731.169922,6731.169922,6489.649902,6489.649902,6489.649902,115400
2022-12-05,6503.569824,6541.770020,6442.129883,6442.129883,6442.129883,90800
2022-12-06,6463.009766,6674.379883,6456.810059,6674.379883,6674.379883,132700
2022-12-07,6662.750000,6662.750000,6525.160156,6525.160156,6525.160156,143000
2022-12-08,null,null,null,null,null,null
2022-12-09,6560.129883,6580.120117,6515.529785,6580.120117,6580.120117,134500
2022-12-12,6602.580078,6642.399902,6566.859863,6585.200195,6585.200195,106100
2022-12-13,6611.160156,6631.660156,6566.950195,6582.379883,6582.379883,136000
2022-12-14,6610.459961,6632.120117,6583.350098,6615.069824,6615.069824,131100
2022-12-15,6618.850098,6631.089844,6537.540039,6566.799805,6566.799805,120400
2022-12-16,6523.069824,6552.319824,6478.279785,6496.500000,6496.500000,211700
2022-12-19,6474.000000,6477.990234,6360.970215,6414.270020,6414.270020,244900
2022-12-20,6412.419922,6458.120117,6385.200195,6458.120117,6458.120117,87800
2022-12-21,6464.350098,6521.169922,6449.640137,6520.799805,6520.799805,158600
2022-12-22,6540.930176,6580.209961,6521.669922,6576.939941,6576.939941,183700
2022-12-23,6567.919922,6567.919922,6536.669922,6541.029785,6541.029785,56100
2022-12-26,null,null,null,null,null,null
2022-12-27,6549.089844,6579.259766,6519.899902,6564.899902,6564.899902,75400
2022-12-28,6567.129883,6576.709961,6530.270020,6566.540039,6566.540039,88600
2022-12-29,6553.669922,6591.279785,6529.689941,6566.390137,6566.390137,161100
2022-12-30,null,null,null,null,null,null
2023-01-02,null,null,null,null,null,null
2023-01-03,6555.399902,6624.759766,6550.169922,6586.009766,6586.009766,84400
2023-01-04,6601.500000,6755.270020,6601.500000,6718.500000,6718.500000,209900
2023-01-05,6738.930176,6767.049805,6730.520020,6761.330078,6761.330078,167200
2023-01-06,6736.649902,6736.649902,6666.680176,6667.970215,6667.970215,136700
2023-01-09,6692.299805,6790.240234,6685.069824,6790.240234,6790.240234,150100
2023-01-10,6783.399902,6783.399902,6740.029785,6756.689941,6756.689941,153900
2023-01-11,6764.680176,6774.470215,6709.339844,6709.339844,6709.339844,209800
2023-01-12,6723.529785,6833.529785,6723.529785,6833.529785,6833.529785,200000
2023-01-13,6833.759766,6959.629883,6816.419922,6951.540039,6951.540039,238400
2023-01-16,6966.000000,7132.100098,6966.000000,7045.479980,7045.479980,258100
2023-01-17,7041.060059,7046.450195,6952.790039,7014.040039,7014.040039,192700
2023-01-18,7008.069824,7094.859863,6967.870117,7094.859863,7094.859863,178900
2023-01-19,7049.799805,7083.870117,7043.899902,7062.009766,7062.009766,194100
2023-01-20,7056.430176,7063.500000,7035.649902,7056.620117,7056.620117,117100
2023-01-23,7051.459961,7069.680176,7003.419922,7069.680176,7069.680176,97900
2023-01-24,7065.600098,7137.620117,7039.049805,7041.500000,7041.500000,252700
2023-01-25,7072.490234,7085.540039,7047.729980,7081.359863,7081.359863,138900
2023-01-26,7088.140137,7101.839844,7042.700195,7042.700195,7042.700195,128400
2023-01-27,7062.629883,7080.399902,7043.600098,7052.160156,7052.160156,112300
2023-01-30,7048.759766,7053.720215,6929.180176,6970.970215,6970.970215,302500
2023-01-31,6935.669922,6935.669922,6740.189941,6793.250000,6793.250000,240900
2023-02-01,6814.520020,7035.759766,6813.770020,7035.759766,7035.759766,249700
2023-02-02,7027.919922,7028.370117,6959.779785,6986.189941,6986.189941,257700
2023-02-03,7012.870117,7027.379883,6901.220215,7027.379883,7027.379883,875100
2023-02-06,6997.459961,6997.459961,6892.000000,6936.609863,6936.609863,252300
2023-02-07,6919.009766,6931.790039,6881.259766,6881.259766,6881.259766,107900
2023-02-08,6885.270020,6963.459961,6884.430176,6923.080078,6923.080078,110300
2023-02-09,6922.129883,6922.129883,6840.120117,6842.790039,6842.790039,115100
2023-02-10,6852.169922,6884.200195,6848.709961,6876.790039,6876.790039,109500
2023-02-13,6865.540039,6902.870117,6834.270020,6838.750000,6838.750000,178400
2023-02-14,6847.990234,6863.740234,6791.240234,6791.240234,6791.240234,238900
2023-02-15,6790.529785,6829.029785,6747.100098,6822.089844,6822.089844,97100
2023-02-16,6814.259766,6848.479980,6808.529785,6815.910156,6815.910156,146400
2023-02-17,6805.209961,6808.970215,6745.540039,6779.020020,6779.020020,89800
2023-02-20,6793.859863,6794.979980,6735.529785,6744.120117,6744.120117,74100
2023-02-21,6757.950195,6800.959961,6719.100098,6800.959961,6800.959961,82300
2023-02-22,6778.200195,6778.200195,6696.720215,6699.229980,6699.229980,115300
2023-02-23,6704.910156,6704.910156,6666.410156,6685.899902,6685.899902,129200
2023-02-24,6704.910156,6704.910156,6666.410156,6685.899902,6685.899902,129200
2023-02-27,6684.450195,6684.450195,6537.520020,6599.339844,6599.339844,165400
2023-02-28,6609.410156,6670.490234,6556.200195,6556.200195,6556.200195,767400
2023-03-01,6602.959961,6630.200195,6579.479980,6607.129883,6607.129883,159000
2023-03-02,6628.350098,6690.629883,6598.149902,6622.450195,6622.450195,149700
2023-03-03,6640.330078,6694.359863,6640.330078,6655.370117,6655.370117,204300
2023-03-06,6673.180176,6737.129883,6671.120117,6671.120117,6671.120117,94800
2023-03-07,6707.549805,6739.500000,6705.120117,6705.120117,6705.120117,127100
2023-03-08,6681.209961,6711.490234,6617.859863,6711.490234,6711.490234,141500
2023-03-09,6711.109863,6711.109863,6609.270020,6609.270020,6609.270020,119500
2023-03-10,6596.160156,6596.160156,6518.430176,6589.879883,6589.879883,171100
2023-03-13,6529.569824,6599.959961,6498.399902,6544.450195,6544.450195,96400
2023-03-14,6525.750000,6525.750000,6393.330078,6393.330078,6393.330078,137000
2023-03-15,6441.669922,6513.259766,6434.930176,6466.100098,6466.100098,127100
2023-03-16,6437.669922,6437.669922,6330.529785,6404.910156,6404.910156,108400
2023-03-17,6411.180176,6485.609863,6409.290039,6469.720215,6469.720215,143100
2023-03-20,6452.029785,6452.029785,6389.479980,6451.020020,6451.020020,86400
2023-03-21,6459.540039,6530.750000,6459.540039,6530.750000,6530.750000,100400
2023-03-22,6540.450195,6593.220215,6540.450195,6546.270020,6546.270020,84000
2023-03-23,6514.140137,6536.359863,6494.060059,6536.359863,6536.359863,86400
2023-03-24,6523.729980,6602.839844,6523.729980,6602.169922,6602.169922,74400
2023-03-27,6598.729980,6598.729980,6568.700195,6595.029785,6595.029785,73700
2023-03-28,6607.359863,6627.129883,6603.149902,6603.149902,6603.149902,112700
2023-03-29,6622.439941,6630.970215,6590.109863,6630.970215,6630.970215,83500
2023-03-30,6632.560059,6644.750000,6610.759766,6644.750000,6644.750000,81500
2023-03-31,6635.689941,6635.689941,6499.680176,6499.680176,6499.680176,149700
2023-04-03,6524.310059,6529.990234,6507.100098,6529.990234,6529.990234,96200
2023-04-04,6533.930176,6538.970215,6463.979980,6472.040039,6472.040039,75200
2023-04-05,6470.540039,6518.169922,6470.540039,6488.509766,6488.509766,72000
2023-04-06,null,null,null,null,null,null
2023-04-07,null,null,null,null,null,null
2023-04-10,null,null,null,null,null,null
2023-04-11,6502.459961,6506.589844,6473.950195,6479.629883,6479.629883,91200
2023-04-12,6473.729980,6479.160156,6428.919922,6469.419922,6469.419922,83500
2023-04-13,6453.290039,6453.290039,6394.100098,6448.870117,6448.870117,114400
2023-04-14,6445.549805,6481.910156,6445.549805,6481.910156,6481.910156,79000
2023-04-17,6483.240234,6505.620117,6425.140137,6505.620117,6505.620117,71300
2023-04-18,6499.669922,6499.669922,6454.270020,6464.720215,6464.720215,49100
2023-04-19,6456.959961,6468.629883,6425.899902,6446.350098,6446.350098,57800
2023-04-20,6466.680176,6520.439941,6453.270020,6520.439941,6520.439941,69900
2023-04-21,null,null,null,null,null,null
2023-04-24,6523.850098,6598.379883,6522.200195,6598.379883,6598.379883,99200
2023-04-25,6595.509766,6597.330078,6575.040039,6593.390137,6593.390137,112600
2023-04-26,6584.859863,6584.859863,6512.979980,6540.240234,6540.240234,134300
2023-04-27,6541.359863,6597.830078,6530.899902,6583.680176,6583.680176,48600
2023-04-28,6592.140137,6635.399902,6587.410156,6625.080078,6625.080078,235800
2023-05-01,null,null,null,null,null,null
2023-05-02,6624.950195,6673.439941,6616.879883,6672.689941,6672.689941,105500
2023-05-03,6675.709961,6675.709961,6606.689941,6606.689941,6606.689941,104300
2023-05-04,6612.140137,6684.439941,6612.140137,6684.350098,6684.350098,115200
2023-05-05,6678.879883,6706.220215,6673.319824,6685.660156,6685.660156,93700
2023-05-08,6709.560059,6750.060059,6600.740234,6600.740234,6600.740234,127600
2023-05-09,6615.729980,6646.580078,6594.450195,6622.609863,6622.609863,76800
2023-05-10,6632.830078,6660.660156,6621.580078,6658.589844,6658.589844,100400
2023-05-11,6669.399902,6704.529785,6657.509766,6675.459961,6675.459961,116400
2023-05-12,6661.600098,6668.649902,6578.149902,6578.149902,6578.149902,150400
2023-05-15,6582.569824,6585.720215,6523.149902,6523.149902,6523.149902,78700
2023-05-16,6549.339844,6596.339844,6549.339844,6588.899902,6588.899902,65700
2023-05-17,6595.459961,6644.379883,6593.660156,6635.109863,6635.109863,103100
2023-05-18,6642.529785,6658.160156,6628.640137,6628.640137,6628.640137,81200
2023-05-19,6635.450195,6694.089844,6635.450195,6664.549805,6664.549805,96200
2023-05-22,6651.189941,6651.189941,6596.790039,6620.830078,6620.830078,83100
2023-05-23,6601.750000,6641.759766,6592.169922,6603.560059,6603.560059,97300
2023-05-24,6596.299805,6615.950195,6589.810059,6615.950195,6615.950195,60000
2023-05-25,6612.470215,6613.850098,6560.220215,6560.220215,6560.220215,60500
2023-05-26,6570.950195,6570.950195,6496.470215,6530.200195,6530.200195,62300
2023-05-29,6543.930176,6593.160156,6532.720215,6593.160156,6593.160156,67000
2023-05-30,6574.790039,6574.790039,6510.669922,6510.669922,6510.669922,75900
2023-05-31,6517.069824,6522.089844,6469.910156,6477.359863,6477.359863,982000
2023-06-01,6502.759766,6502.759766,6430.580078,6430.580078,6430.580078,119900
2023-06-02,6449.970215,6512.009766,6449.970215,6512.009766,6512.009766,149500
2023-06-05,6525.629883,6544.129883,6521.060059,6521.640137,6521.640137,67300
2023-06-06,6526.209961,6539.490234,6479.930176,6479.930176,6479.930176,95600
2023-06-07,6490.350098,6564.700195,6483.870117,6564.700195,6564.700195,82600
2023-06-08,6546.470215,6551.979980,6520.529785,6539.359863,6539.359863,65800
2023-06-09,6541.040039,6553.229980,6501.930176,6507.149902,6507.149902,80100
2023-06-12,6541.040039,6553.229980,6501.930176,6507.149902,6507.149902,80100
2023-06-13,6492.060059,6525.419922,6471.529785,6507.259766,6507.259766,130200
2023-06-14,6505.339844,6526.359863,6423.689941,6434.060059,6434.060059,207100
2023-06-15,6434.939941,6461.419922,6386.839844,6461.419922,6461.419922,111900
2023-06-16,6450.299805,6508.370117,6413.569824,6508.339844,6508.339844,216400
2023-06-19,6491.850098,6491.850098,6422.109863,6450.339844,6450.339844,96000
2023-06-20,6434.029785,6448.899902,6410.330078,6448.899902,6448.899902,116400
2023-06-21,6420.799805,6437.399902,6406.879883,6424.209961,6424.209961,126300
2023-06-22,6423.060059,6423.060059,6374.069824,6404.910156,6404.910156,130700
2023-06-23,6404.379883,6421.779785,6392.629883,6393.549805,6393.549805,67400
2023-06-26,6422.569824,6545.450195,6419.930176,6523.089844,6523.089844,138700
2023-06-27,6519.790039,6547.330078,6491.810059,6502.850098,6502.850098,94600
2023-06-28,null,null,null,null,null,null
2023-06-29,6507.419922,6550.250000,6507.419922,6511.490234,6511.490234,83200
2023-06-30,6525.390137,6525.390137,6468.069824,6468.069824,6468.069824,118700
2023-07-03,6459.529785,6508.209961,6459.529785,6508.209961,6508.209961,42900
2023-07-04,6501.649902,6519.069824,6494.509766,6514.470215,6514.470215,37100
2023-07-05,6509.200195,6512.390137,6446.790039,6512.390137,6512.390137,131000
2023-07-06,6491.529785,6496.149902,6436.540039,6474.259766,6474.259766,117800
2023-07-07,6459.259766,6459.259766,6379.029785,6379.029785,6379.029785,65000
2023-07-10,6386.229980,6410.500000,6375.259766,6379.720215,6379.720215,67300
2023-07-11,6387.979980,6430.279785,6385.439941,6398.640137,6398.640137,79000
2023-07-12,6424.189941,6466.850098,6421.049805,6466.850098,6466.850098,113400
2023-07-13,6475.660156,6579.040039,6475.660156,6578.490234,6578.490234,92600
2023-07-14,6581.399902,6624.790039,6526.439941,6624.790039,6624.790039,129200
2023-07-17,6604.910156,6610.890137,6550.759766,6550.759766,6550.759766,63700
2023-07-18,6560.370117,6610.569824,6528.799805,6528.799805,6528.799805,54300
2023-07-19,6539.229980,6564.169922,6530.330078,6541.910156,6541.910156,62100
2023-07-20,6547.799805,6645.359863,6547.799805,6613.500000,6613.500000,103500
2023-07-21,6620.029785,6689.040039,6620.029785,6647.560059,6647.560059,88200
2023-07-24,6653.549805,6677.479980,6631.250000,6631.250000,6631.250000,88500
2023-07-25,6650.620117,6698.410156,6650.620117,6661.109863,6661.109863,103900
2023-07-26,6683.220215,6683.220215,6622.609863,6679.129883,6679.129883,79500
2023-07-27,6660.120117,6677.919922,6627.589844,6677.919922,6677.919922,78400
2023-07-28,6664.620117,6671.609863,6625.259766,6625.259766,6625.259766,65700
2023-07-31,6632.600098,6678.290039,6591.470215,6591.470215,6591.470215,79500
2023-08-01,6627.560059,6641.919922,6593.799805,6593.799805,6593.799805,86200
2023-08-02,6607.049805,6616.259766,6475.799805,6483.279785,6483.279785,92900
2023-08-03,6496.859863,6576.759766,6496.859863,6576.759766,6576.759766,75600
2023-08-04,6580.490234,6590.649902,6450.839844,6450.839844,6450.839844,194200
2023-08-07,6498.589844,6522.589844,6485.029785,6507.779785,6507.779785,77700
2023-08-08,6517.129883,6541.640137,6465.979980,6472.970215,6472.970215,142800
2023-08-09,6490.089844,6530.450195,6478.740234,6530.450195,6530.450195,94700
2023-08-10,6508.779785,6508.779785,6446.799805,6449.660156,6449.660156,112300
2023-08-11,6457.049805,6458.770020,6405.910156,6405.910156,6405.910156,100800
2023-08-14,6404.270020,6404.270020,6306.810059,6329.189941,6329.189941,187300
2023-08-15,6337.669922,6370.430176,6297.169922,6335.910156,6335.910156,128600
2023-08-16,6333.200195,6410.089844,6322.100098,6410.089844,6410.089844,98500
2023-08-17,6393.529785,6409.979980,6353.740234,6364.970215,6364.970215,95500
2023-08-18,6352.080078,6366.080078,6290.270020,6290.270020,6290.270020,120300
2023-08-21,null,null,null,null,null,null
2023-08-22,6286.919922,6291.040039,6212.390137,6212.390137,6212.390137,107900
2023-08-23,6225.299805,6225.299805,6179.629883,6179.629883,6179.629883,86000
2023-08-24,6204.299805,6278.180176,6204.299805,6225.779785,6225.779785,67900
2023-08-25,6222.299805,6222.299805,6155.200195,6160.279785,6160.279785,39800
2023-08-28,null,null,null,null,null,null
2023-08-29,6161.029785,6225.000000,6142.149902,6225.000000,6225.000000,126400
2023-08-30,6224.810059,6300.439941,6224.810059,6295.290039,6295.290039,131500
2023-08-31,6291.950195,6291.950195,6175.250000,6175.250000,6175.250000,160600
2023-09-01,6215.549805,6220.250000,6179.879883,6181.060059,6181.060059,616700
2023-09-04,6195.370117,6217.740234,6183.740234,6214.680176,6214.680176,1768700
2023-09-05,6211.750000,6258.500000,6193.910156,6225.000000,6225.000000,63900
2023-09-06,6243.370117,6245.740234,6205.799805,6241.689941,6241.689941,61600
2023-09-07,6223.750000,6223.750000,6170.069824,6183.069824,6183.069824,68100
2023-09-08,6193.399902,6222.939941,6173.100098,6222.939941,6222.939941,48700
2023-09-11,6217.560059,6233.740234,6198.500000,6233.740234,6233.740234,75300
2023-09-12,6238.890137,6260.870117,6230.200195,6230.200195,6230.200195,101800
2023-09-13,6235.819824,6239.399902,6149.180176,6149.180176,6149.180176,92000
2023-09-14,6156.649902,6208.399902,6149.290039,6208.399902,6208.399902,66600
2023-09-15,6202.890137,6216.459961,6126.339844,6126.339844,6126.339844,167200
2023-09-18,6157.220215,6159.680176,6085.169922,6124.569824,6124.569824,66700
2023-09-19,6121.069824,6121.160156,6034.359863,6047.970215,6047.970215,66300
2023-09-20,6049.020020,6061.649902,5998.310059,6041.040039,6041.040039,86900
2023-09-21,6053.959961,6094.709961,6043.129883,6094.709961,6094.709961,96500
2023-09-22,6096.879883,6142.790039,6086.779785,6142.790039,6142.790039,76800
2023-09-25,6156.870117,6191.459961,6118.140137,6172.839844,6172.839844,134300
2023-09-26,6183.540039,6280.720215,6171.779785,6263.939941,6263.939941,108400
2023-09-27,6254.350098,6374.680176,6245.729980,6374.680176,6374.680176,103900
2023-09-28,6365.649902,6412.939941,6335.470215,6385.520020,6385.520020,73000
2023-09-29,6383.410156,6392.089844,6321.240234,6321.240234,6321.240234,154300
2023-10-02,6334.000000,6339.290039,6304.529785,6304.529785,6304.529785,68800
2023-10-03,6304.089844,6307.939941,6253.330078,6305.990234,6305.990234,96700
2023-10-04,6289.299805,6298.200195,6270.359863,6298.200195,6298.200195,68700
2023-10-05,6266.000000,6289.669922,6178.600098,6178.600098,6178.600098,108600
2023-10-06,6196.049805,6270.890137,6166.689941,6259.950195,6259.950195,85400
2023-10-09,6238.169922,6271.720215,6227.250000,6252.160156,6252.160156,79100
2023-10-10,6265.859863,6303.439941,6263.740234,6264.069824,6264.069824,141400
2023-10-11,6280.850098,6308.049805,6253.959961,6253.959961,6253.959961,121700
2023-10-12,6266.040039,6283.720215,6234.600098,6263.060059,6263.060059,71100
2023-10-13,6264.660156,6283.500000,6260.500000,6266.339844,6266.339844,55500
2023-10-16,6261.720215,6265.850098,6198.830078,6198.830078,6198.830078,71900
2023-10-17,6215.129883,6286.209961,6215.129883,6280.899902,6280.899902,97800
2023-10-18,6278.500000,6290.049805,6255.029785,6268.270020,6268.270020,148600
2023-10-19,6263.220215,6263.220215,6216.100098,6219.160156,6219.160156,87200
2023-10-20,6208.500000,6208.500000,6142.899902,6142.899902,6142.899902,77000
2023-10-23,6135.700195,6139.049805,6065.370117,6088.439941,6088.439941,58000
2023-10-24,6086.439941,6103.620117,6039.720215,6039.720215,6039.720215,50000
2023-10-25,6050.100098,6080.490234,6026.430176,6054.500000,6054.500000,71300
2023-10-26,6051.259766,6051.259766,5974.169922,6018.490234,6018.490234,85900
2023-10-27,5996.200195,5999.549805,5956.859863,5961.990234,5961.990234,82400
2023-10-30,null,null,null,null,null,null
2023-10-31,5971.740234,5980.819824,5920.470215,5973.779785,5973.779785,86600
2023-11-01,null,null,null,null,null,null
2023-11-02,null,null,null,null,null,null
2023-11-03,6039.379883,6083.689941,5989.270020,5989.270020,5989.270020,81700
2023-11-06,6006.589844,6078.029785,6006.589844,6078.029785,6078.029785,56500
2023-11-07,6081.439941,6131.319824,6055.680176,6131.319824,6131.319824,54600
2023-11-08,6133.189941,6155.029785,6103.640137,6155.029785,6155.029785,64900
2023-11-09,6155.649902,6203.720215,6155.649902,6188.220215,6188.220215,85700
2023-11-10,6189.000000,6189.000000,6127.959961,6161.890137,6161.890137,61600
2023-11-13,6158.220215,6158.759766,6114.339844,6116.140137,6116.140137,38000
2023-11-14,6122.390137,6128.069824,6079.149902,6110.879883,6110.879883,62600
2023-11-15,6114.580078,6173.259766,6106.589844,6171.129883,6171.129883,75500
2023-11-16,6177.629883,6191.479980,6164.200195,6191.479980,6191.479980,78100
2023-11-17,6172.390137,6232.120117,6171.169922,6211.890137,6211.890137,85000
2023-11-20,6206.310059,6211.970215,6174.520020,6183.629883,6183.629883,70900
2023-11-21,6196.990234,6219.060059,6183.049805,6208.830078,6208.830078,91800
2023-11-22,6213.680176,6253.180176,6204.229980,6253.180176,6253.180176,59600
2023-11-23,6249.459961,6259.660156,6233.669922,6246.200195,6246.200195,51300
2023-11-24,6249.790039,6271.629883,6237.660156,6269.500000,6269.500000,57100
2023-11-27,null,null,null,null,null,null
2023-11-28,6274.160156,6310.970215,6274.160156,6309.569824,6309.569824,108200
2023-11-29,6306.959961,6329.419922,6265.140137,6265.140137,6265.140137,91200
2023-11-30,6258.870117,6259.279785,6207.069824,6223.729980,6223.729980,142800
2023-12-01,6230.870117,6254.029785,6221.520020,6245.180176,6245.180176,57800
2023-12-04,6237.870117,6284.370117,6234.220215,6284.370117,6284.370117,52600
2023-12-05,6288.859863,6308.950195,6235.580078,6308.950195,6308.950195,70100
2023-12-06,6306.390137,6306.390137,6273.970215,6305.850098,6305.850098,81900
2023-12-07,6304.709961,6306.419922,6227.720215,6234.770020,6234.770020,72600
2023-12-08,null,null,null,null,null,null
2023-12-11,6203.390137,6228.290039,6167.209961,6228.290039,6228.290039,107100
2023-12-12,6225.750000,6292.390137,6206.879883,6292.390137,6292.390137,61800
2023-12-13,6256.669922,6306.009766,6245.660156,6255.740234,6255.740234,54500
2023-12-14,6280.259766,6411.240234,6280.259766,6410.479980,6410.479980,156500
2023-12-15,6402.750000,6478.439941,6396.479980,6478.439941,6478.439941,238200
2023-12-18,6459.910156,6516.330078,6452.419922,6475.500000,6475.500000,118400
2023-12-19,6455.009766,6524.580078,6455.009766,6521.270020,6521.270020,114500
2023-12-20,6521.959961,6566.410156,6500.970215,6520.750000,6520.750000,197400
2023-12-21,6486.270020,6496.419922,6428.120117,6469.229980,6469.229980,204200
2023-12-22,6466.930176,6501.000000,6459.680176,6501.000000,6501.000000,158300
2023-12-25,null,null,null,null,null,null
2023-12-26,null,null,null,null,null,null
2023-12-27,6499.600098,6500.540039,6462.799805,6462.799805,6462.799805,86900
2023-12-28,6478.600098,6519.109863,6472.290039,6519.109863,6519.109863,61000
2023-12-29,6514.750000,6523.830078,6450.040039,6450.040039,6450.040039,78000
2024-01-01,null,null,null,null,null,null
2024-01-02,6478.520020,6555.609863,6464.339844,6554.040039,6554.040039,63600
2024-01-03,6539.810059,65444.898438,6483.799805,6498.879883,6498.879883,43700
2024-01-04,6505.109863,6602.919922,6493.370117,6602.520020,6602.520020,88800
2024-01-05,6606.240234,6629.640137,6583.060059,6629.640137,6629.640137,99400
2024-01-08,6633.209961,6661.250000,6609.220215,6609.220215,6609.220215,85300
2024-01-09,6628.549805,6678.350098,6618.520020,6618.520020,6618.520020,96500
2024-01-10,6587.669922,6593.770020,6546.109863,6546.109863,6546.109863,84000
2024-01-11,6562.370117,6637.700195,6562.370117,6613.729980,6613.729980,78700
2024-01-12,6619.910156,6676.540039,6619.910156,6643.180176,6643.180176,70200
2024-01-15,6655.990234,6695.410156,6650.410156,6680.450195,6680.450195,70300
2024-01-16,6681.669922,6695.169922,6637.000000,6637.000000,6637.000000,89800
2024-01-17,6647.080078,6663.680176,6567.759766,6572.509766,6572.509766,133300
2024-01-18,6567.290039,6570.299805,6500.310059,6510.870117,6510.870117,86700
2024-01-19,6528.680176,6528.680176,6496.959961,6503.540039,6503.540039,66000
2024-01-22,6532.830078,6583.470215,6532.830078,6583.470215,6583.470215,75000
2024-01-23,6594.290039,6624.430176,6593.069824,6621.879883,6621.879883,67100
2024-01-24,6630.259766,6679.959961,6626.819824,6679.959961,6679.959961,76600
2024-01-25,6676.399902,6687.120117,6644.589844,6673.500000,6673.500000,88500
2024-01-26,6674.439941,6686.089844,6643.830078,6686.089844,6686.089844,72500
2024-01-29,6680.680176,6689.180176,6630.680176,6630.680176,6630.680176,54800
2024-01-30,6636.040039,6662.439941,6622.009766,6622.009766,6622.009766,83000
2024-01-31,6633.450195,6722.319824,6633.450195,6646.439941,6646.439941,97100
2024-02-01,6623.939941,6644.109863,6601.339844,6623.009766,6623.009766,65600
2024-02-02,6652.479980,6765.379883,6652.040039,6707.250000,6707.250000,136900
2024-02-05,6702.120117,6760.410156,6702.120117,6728.220215,6728.220215,69900
2024-02-06,6756.720215,6774.209961,6695.819824,6755.259766,6755.259766,80100
2024-02-07,6772.930176,6877.609863,6772.930176,6830.040039,6830.040039,104600
2024-02-08,6844.609863,6931.549805,6844.609863,6850.160156,6850.160156,112200
2024-02-09,null,null,null,null,null,null
2024-02-12,6856.450195,6891.689941,6807.819824,6807.819824,6807.819824,74900
2024-02-13,6824.080078,6848.569824,6824.080078,6827.919922,6827.919922,99300
2024-02-14,6810.640137,6854.529785,6780.729980,6854.529785,6854.529785,82300
2024-02-15,6862.379883,6918.149902,6855.729980,6882.149902,6882.149902,83400
2024-02-16,6893.220215,6916.430176,6873.229980,6873.229980,6873.229980,93200
2024-02-19,6882.319824,6901.310059,6798.609863,6798.609863,6798.609863,92800
2024-02-20,6818.140137,6860.799805,6818.140137,6854.660156,6854.660156,73200
2024-02-21,6846.529785,6897.359863,6833.919922,6897.359863,6897.359863,84900
2024-02-22,6899.609863,6922.500000,6896.330078,6903.149902,6903.149902,72300
2024-02-23,6915.250000,6990.649902,6913.209961,6913.209961,6913.209961,71400
2024-02-26,6918.729980,6941.850098,6891.490234,6891.490234,6891.490234,59700
2024-02-27,6887.359863,6887.359863,6842.330078,6860.669922,6860.669922,91400
2024-02-28,6864.390137,6878.229980,6845.810059,6876.520020,6876.520020,68100
2024-02-29,6908.729980,6944.709961,6887.910156,6944.709961,6944.709961,153100
2024-03-01,6931.319824,7005.299805,6919.589844,6919.589844,6919.589844,57500
2024-03-04,6923.240234,7021.040039,6908.810059,6951.669922,6951.669922,80600
2024-03-05,6969.080078,6981.839844,6905.459961,6905.459961,6905.459961,88800
2024-03-06,6882.430176,6894.479980,6861.549805,6878.540039,6878.540039,89100
2024-03-07,6849.629883,6851.859863,6807.439941,6837.339844,6837.339844,76900
2024-03-08,6839.740234,6942.209961,6835.529785,6942.209961,6942.209961,75800
2024-03-11,6939.540039,6939.540039,6852.209961,6872.240234,6872.240234,79800
2024-03-12,6885.919922,6928.410156,6878.490234,6879.589844,6879.589844,101400
2024-03-13,6890.229980,6980.640137,6889.560059,6965.509766,6965.509766,122400
2024-03-14,6962.439941,6989.379883,6939.009766,6967.959961,6967.959961,118400
2024-03-15,6946.700195,6946.700195,6790.959961,6822.319824,6822.319824,405500
2024-03-18,6838.029785,6910.290039,6838.029785,6853.290039,6853.290039,76900
2024-03-19,6851.350098,6900.589844,6831.180176,6848.430176,6848.430176,118500
2024-03-20,6856.020020,6871.220215,6840.700195,6856.770020,6856.770020,93100
2024-03-21,6875.240234,6963.220215,6875.240234,6963.220215,6963.220215,87200
2024-03-22,6917.680176,6919.759766,6871.450195,6881.970215,6881.970215,98100
2024-03-25,6879.750000,6886.529785,6843.500000,6853.100098,6853.100098,95500
2024-03-26,6840.850098,6898.169922,6797.649902,6898.169922,6898.169922,92100
2024-03-27,6884.459961,6925.370117,6884.459961,6903.529785,6903.529785,113000
2024-03-28,null,null,null,null,null,null
2024-03-29,null,null,null,null,null,null
2024-04-01,6948.540039,6991.770020,6947.270020,6979.810059,6979.810059,85000
2024-04-02,7016.930176,7070.720215,6960.430176,6960.430176,6960.430176,133000
2024-04-03,6960.549805,6964.930176,6863.819824,6863.819824,6863.819824,64400
2024-04-04,6870.899902,6881.580078,6809.779785,6827.060059,6827.060059,69400
2024-04-05,6819.229980,6819.229980,6728.839844,6745.459961,6745.459961,84900
2024-04-08,6750.740234,6750.740234,6686.500000,6741.069824,6741.069824,81400
2024-04-09,null,null,null,null,null,null
2024-04-10,null,null,null,null,null,null
2024-04-11,6727.270020,6727.270020,6669.680176,6677.649902,6677.649902,123400
2024-04-12,6681.259766,6719.200195,6659.390137,6659.390137,6659.390137,131000
2024-04-15,6630.430176,6630.430176,6556.930176,6562.430176,6562.430176,91600
2024-04-16,6534.939941,6534.939941,6404.970215,6404.970215,6404.970215,122300
2024-04-17,6432.100098,6497.819824,6424.810059,6450.040039,6450.040039,94500
2024-04-18,6481.899902,6548.890137,6481.009766,6523.189941,6523.189941,101500
2024-04-19,6511.500000,6540.810059,6406.979980,6443.000000,6443.000000,0