date, value
2011/4/21,1507
2011/4/26,1505
2011/4/27,1508
2011/4/28,1531
2011/5/3,1546.5
2011/5/4,1536
2011/5/5,1514.5
2011/5/6,1487.75
2011/5/9,1505
2011/5/10,1517.25
2011/5/11,1524.5
2011/5/12,1488.25
2011/5/13,1511
2011/5/16,1495
2011/5/17,1495.5
2011/5/18,1491.25
2011/5/19,1488.75
2011/5/20,1502.75
2011/5/23,1508.5
2011/5/24,1520.75
2011/5/25,1527
2011/5/26,1521.5
2011/5/27,1525
2011/5/31,1537
2011/6/1,1532.25
2011/6/2,1540.75
2011/6/3,1531
2011/6/6,1542.75
2011/6/7,1548.4
2011/6/8,1535.5
2011/6/9,1534
2011/6/10,1541
2011/6/13,1524.7
2011/6/14,1519
2011/6/15,1517.75
2011/6/16,1525
2011/6/17,1526.25
2011/6/20,1537
2011/6/21,1543
2011/6/22,1546
2011/6/23,1541.5
2011/6/24,1521
2011/6/27,1501
2011/6/28,1502.5
2011/6/29,1506
2011/6/30,1508
2011/7/1,1492.75
2011/7/4,1495.25
2011/7/5,1498.75
2011/7/6,1515.8
2011/7/7,1526.25
2011/7/8,1526
2011/7/11,1543.5
2011/7/12,1544.5
2011/7/13,1571.5
2011/7/14,1592.5
2011/7/15,1578.5
2011/7/18,1598.25
2011/7/19,1602
2011/7/20,1584.25
2011/7/21,1600.5
2011/7/22,1588
2011/7/25,1618.5
2011/7/26,1610
2011/7/27,1621
2011/7/28,1617.5
2011/7/29,1613.75
2011/8/1,1613.5
2011/8/2,1624
2011/8/3,1667.5
2011/8/4,1664.25
2011/8/5,1665
2011/8/8,1709.75
2011/8/9,1770
2011/8/10,1753.75
2011/8/11,1786
2011/8/12,1755
2011/8/15,1738
2011/8/16,1779
2011/8/17,1792
2011/8/18,1794.5
2011/8/19,1862
2011/8/22,1877.75
2011/8/23,1886.5
2011/8/24,1850
2011/8/25,1716.5
2011/8/26,1787
2011/8/30,1791
2011/8/31,1826
2011/9/1,1815.5
2011/9/2,1854
2011/9/5,1896.5
2011/9/6,1891
2011/9/7,1844
2011/9/8,1827
2011/9/9,1879.5
2011/9/12,1843
2011/9/13,1806
2011/9/14,1829
2011/9/15,1806
2011/9/16,1778
2011/9/19,1817
2011/9/20,1792
2011/9/21,1810.25
2011/9/22,1765.5
2011/9/23,1730
2011/9/26,1615
2011/9/27,1671
2011/9/28,1655
2011/9/29,1620
2011/9/30,1629
2011/10/3,1660
2011/10/4,1672
2011/10/5,1600
2011/10/6,1649.5
2011/10/7,1651
2011/10/10,1664
2011/10/11,1662
2011/10/12,1687
2011/10/13,1673
2011/10/14,1676
2011/10/17,1689
2011/10/18,1658
2011/10/19,1651
2011/10/20,1629
2011/10/21,1623
2011/10/24,1651
2011/10/25,1656.25
2011/10/26,1713
2011/10/27,1708
2011/10/28,1735
2011/10/31,1718
2011/11/1,1702
2011/11/2,1731
2011/11/3,1732.5
2011/11/4,1756
2011/11/7,1764
2011/11/8,1794
2011/11/9,1780
2011/11/10,1766
2011/11/11,1764
2011/11/14,1780.5
2011/11/15,1765
2011/11/16,1773
2011/11/17,1756
2011/11/18,1730
2011/11/21,1704
2011/11/22,1697.5
2011/11/23,1686
2011/11/24,1699
2011/11/25,1676
2011/11/28,1714
2011/11/29,1717
2011/11/30,1704
2011/12/1,1750
2011/12/2,1751
2011/12/5,1744
2011/12/6,1720
2011/12/7,1731
2011/12/8,1739
2011/12/9,1712
2011/12/12,1680
2011/12/13,1665
2011/12/14,1635
2011/12/15,1590
2011/12/16,1589.5
2011/12/19,1593
2011/12/20,1605
2011/12/21,1637.5
2011/12/22,1609
2011/12/23,1607.5
2011/12/28,1584
2011/12/29,1537.5
2011/12/30,1574.5
2012/1/3,1590
2012/1/4,1603
2012/1/5,1614.5
2012/1/6,1621
2012/1/9,1618
2012/1/10,1627
2012/1/11,1641
2012/1/12,1652.5
2012/1/13,1642
2012/1/16,1643.5
2012/1/17,1662
2012/1/18,1657
2012/1/19,1664
2012/1/20,1646
2012/1/23,1675
2012/1/24,1669
2012/1/25,1659
2012/1/26,1713
2012/1/27,1722
2012/1/30,1720.5
2012/1/31,1738
2012/2/1,1744
2012/2/2,1747.5
2012/2/3,1759.5
2012/2/6,1717
2012/2/7,1720
2012/2/8,1743
2012/2/9,1733
2012/2/10,1715.5
2012/2/13,1727
2012/2/14,1721
2012/2/15,1725.5
2012/2/16,1716
2012/2/17,1732
2012/2/20,1729.5
2012/2/21,1737
2012/2/22,1754.75
2012/2/23,1776.5
2012/2/24,1778.5
2012/2/27,1765
2012/2/28,1774.75
2012/2/29,1788
2012/3/1,1721
2012/3/2,1714.5
2012/3/5,1698
2012/3/6,1685.5
2012/3/7,1682.5
2012/3/8,1701.5
2012/3/9,1699.5
2012/3/12,1705.25
2012/3/13,1694.75
2012/3/14,1662
2012/3/15,1646.75
2012/3/16,1649
2012/3/19,1654
2012/3/20,1648.5
2012/3/21,1656
2012/3/22,1636
2012/3/23,1651
2012/3/26,1658
2012/3/27,1694
2012/3/28,1677
2012/3/29,1655.75
2012/3/30,1660.75
2012/4/2,1664
2012/4/3,1674.75
2012/4/4,1631.75
2012/4/5,1622.5
2012/4/10,1643.75
2012/4/11,1654
2012/4/12,1655.5
2012/4/13,1670.5
2012/4/16,1648.25
2012/4/17,1652
2012/4/18,1646.5
2012/4/19,1642
2012/4/20,1640
2012/4/23,1632
2012/4/24,1638.75
2012/4/25,1641.25
2012/4/26,1648.25
2012/4/27,1654
2012/4/30,1662.5
2012/5/1,1661.25
2012/5/2,1652.5
2012/5/3,1642.5
2012/5/4,1629.5
2012/5/8,1627
2012/5/9,1585.5
2012/5/10,1590
2012/5/11,1580.75
2012/5/14,1563
2012/5/15,1559
2012/5/16,1537.5
2012/5/17,1547
2012/5/18,1588
2012/5/21,1590.25
2012/5/22,1575.75
2012/5/23,1555
2012/5/24,1558.5
2012/5/25,1560.5
2012/5/28,1579
2012/5/29,1573.75
2012/5/30,1548.75
2012/5/31,1567.5
2012/6/1,1552.5
2012/6/6,1633.25
2012/6/7,1620.75
2012/6/8,1576
2012/6/11,1593
2012/6/12,1589.25
2012/6/13,1612.75
2012/6/14,1619
2012/6/15,1622.25
2012/6/18,1623.5
2012/6/19,1628.5
2012/6/20,1618.75
2012/6/21,1600
2012/6/22,1570.5
2012/6/25,1569
2012/6/26,1583.25
2012/6/27,1567.5
2012/6/28,1567.75
2012/6/29,1569.5
2012/7/2,1596.25
2012/7/3,1608.5
2012/7/4,1617
2012/7/5,1616.75
2012/7/6,1591.75
2012/7/9,1581
2012/7/10,1594.5
2012/7/11,1576.5
2012/7/12,1565.5
2012/7/13,1579
2012/7/16,1584
2012/7/17,1595
2012/7/18,1579.5
2012/7/19,1580
2012/7/20,1583
2012/7/23,1571.5
2012/7/24,1573
2012/7/25,1587.5
2012/7/26,1603
2012/7/27,1618.75
2012/7/30,1616.5
2012/7/31,1622.75
2012/8/1,1614.75
2012/8/2,1604.5
2012/8/3,1595
2012/8/6,1606.75
2012/8/7,1613
2012/8/8,1607
2012/8/9,1612.75
2012/8/10,1608.5
2012/8/13,1622.25
2012/8/14,1614.5
2012/8/15,1594.75
2012/8/16,1603.5
2012/8/17,1616.5
2012/8/20,1615.25
2012/8/21,1624
2012/8/22,1640.5
2012/8/23,1662.5
2012/8/24,1666.5
2012/8/28,1663.5
2012/8/29,1664.25
2012/8/30,1657
2012/8/31,1657.75
2012/9/3,1686
2012/9/4,1691.5
2012/9/5,1689.5
2012/9/6,1708.5
2012/9/7,1696
2012/9/10,1732.75
2012/9/11,1731
2012/9/12,1742.75
2012/9/13,1730.5
2012/9/14,1772.5
2012/9/17,1767.25
2012/9/18,1756.75
2012/9/19,1774.5
2012/9/20,1760
2012/9/21,1773.75
2012/9/24,1758.5
2012/9/25,1766.75
2012/9/26,1763.75
2012/9/27,1755.25
2012/9/28,1781
2012/10/1,1770.5
2012/10/2,1778.5
2012/10/3,1777.25
2012/10/4,1786.5
2012/10/5,1790
2012/10/8,1769
2012/10/9,1770.75
2012/10/10,1763
2012/10/11,1767.25
2012/10/12,1767
2012/10/15,1747.25
2012/10/16,1737.5
2012/10/17,1747.75
2012/10/18,1748
2012/10/19,1732.75
2012/10/22,1725
2012/10/23,1717
2012/10/24,1708.5
2012/10/25,1715
2012/10/26,1704
2012/10/29,1712
2012/10/30,1713.5
2012/10/31,1718
2012/11/1,1723.25
2012/11/2,1708.25
2012/11/5,1679
2012/11/6,1691.75
2012/11/7,1730.5
2012/11/8,1715
2012/11/9,1732.75
2012/11/12,1735.75
2012/11/13,1724.75
2012/11/14,1724.5
2012/11/15,1723.5
2012/11/16,1710
2012/11/19,1723.25
2012/11/20,1734
2012/11/21,1726.75
2012/11/22,1729.75
2012/11/23,1734.75
2012/11/26,1747.25
2012/11/27,1747.25
2012/11/28,1741
2012/11/29,1724.5
2012/11/30,1728.25
2012/12/3,1718
2012/12/4,1706.75
2012/12/5,1703
2012/12/6,1693
2012/12/7,1697
2012/12/10,1708.5
2012/12/11,1709.75
2012/12/12,1712.5
2012/12/13,1694.75
2012/12/14,1696.5
2012/12/17,1690
2012/12/18,1699.5
2012/12/19,1674.5
2012/12/20,1667
2012/12/21,1648.25
2012/12/24,1662.5
2012/12/27,1655.25
2012/12/28,1658.75
2012/12/31,1664
2013/1/2,1681.5
2013/1/3,1684.5
2013/1/4,1632.25
2013/1/7,1653.75
2013/1/8,1653.75
2013/1/9,1663.5
2013/1/10,1663
2013/1/11,1669.5
2013/1/14,1667.75
2013/1/15,1681
2013/1/16,1679.75
2013/1/17,1683.25
2013/1/18,1690
2013/1/21,1688
2013/1/22,1692.5
2013/1/23,1692.25
2013/1/24,1677
2013/1/25,1670.25
2013/1/28,1656.75
2013/1/29,1660.5
2013/1/30,1666.25
2013/1/31,1674.5
2013/2/1,1665
2013/2/4,1664.25
2013/2/5,1678
2013/2/6,1670
2013/2/7,1675.75
2013/2/8,1669.75
2013/2/11,1663.5
2013/2/12,1641.75
2013/2/13,1648
2013/2/14,1644
2013/2/15,1629.25
2013/2/18,1611.25
2013/2/19,1613.5
2013/2/20,1602
2013/2/21,1568.5
2013/2/22,1580
2013/2/25,1592.5
2013/2/26,1597.25
2013/2/27,1608.5
2013/2/28,1591
2013/3/1,1570
2013/3/4,1578
2013/3/5,1584.25
2013/3/6,1574
2013/3/7,1580.5
2013/3/8,1577
2013/3/11,1577.5
2013/3/12,1582.5
2013/3/13,1591.5
2013/3/14,1585
2013/3/15,1593.25
2013/3/18,1599.5
2013/3/19,1602.5
2013/3/20,1611.5
2013/3/21,1608.75
2013/3/22,1611.5
2013/3/25,1602.25
2013/3/26,1597.25
2013/3/27,1591
2013/3/28,1602.5
2013/4/2,1597.75
2013/4/3,1568.5
2013/4/4,1545.25
2013/4/5,1552.75
2013/4/8,1577.25
2013/4/9,1572.5
2013/4/10,1581.5
2013/4/11,1555.75
2013/4/12,1548
2013/4/15,1416
2013/4/16,1378
2013/4/17,1379
2013/4/18,1397
2013/4/19,1414
2013/4/22,1425
2013/4/23,1417.25
2013/4/24,1424.5
2013/4/25,1446.5
2013/4/26,1462.25
2013/4/29,1472.5
2013/4/30,1472.75
2013/5/1,1469.5
2013/5/2,1456
2013/5/3,1476.5
2013/5/7,1463
2013/5/8,1454
2013/5/9,1469.5
2013/5/10,1449.25
2013/5/13,1429.75
2013/5/14,1436.5
2013/5/15,1412.25
2013/5/16,1377
2013/5/17,1376.75
2013/5/20,1353.75
2013/5/21,1378.75
2013/5/22,1385.25
2013/5/23,1386
2013/5/24,1385.25
2013/5/28,1379
2013/5/29,1384.5
2013/5/30,1406.25
2013/5/31,1410.25
2013/6/3,1396.75
2013/6/4,1405.25
2013/6/5,1396.5
2013/6/6,1399.5
2013/6/7,1410
2013/6/10,1376.75
2013/6/11,1369.5
2013/6/12,1377.25
2013/6/13,1386.25
2013/6/14,1379.75
2013/6/17,1386
2013/6/18,1378.5
2013/6/19,1366
2013/6/20,1303.25
2013/6/21,1290.25
2013/6/24,1283.25
2013/6/25,1285
2013/6/26,1229
2013/6/27,1232
2013/6/28,1203.25
2013/7/1,1243.5
2013/7/2,1260.75
2013/7/3,1246
2013/7/4,1249.5
2013/7/5,1232.75
2013/7/8,1225.5
2013/7/9,1252
2013/7/10,1252.25
2013/7/11,1280.75
2013/7/12,1275
2013/7/15,1281.25
2013/7/16,1286
2013/7/17,1284.25
2013/7/18,1279.75
2013/7/19,1286
2013/7/22,1313.75
2013/7/23,1326.75
2013/7/24,1340
2013/7/25,1312
2013/7/26,1327.75
2013/7/29,1330.75
2013/7/30,1322.25
2013/7/31,1331.5
2013/8/1,1323.75
2013/8/2,1285.75
2013/8/5,1311
2013/8/6,1292
2013/8/7,1275.5
2013/8/8,1287.75
2013/8/9,1305.5
2013/8/12,1325.75
2013/8/13,1334
2013/8/14,1323.25
2013/8/15,1339.5
2013/8/16,1360.75
2013/8/19,1375.25
2013/8/20,1365.75
2013/8/21,1360
2013/8/22,1370.5
2013/8/23,1374.5
2013/8/27,1411
2013/8/28,1425.5
2013/8/29,1406.25
2013/8/30,1392.75
2013/9/2,1391.25
2013/9/3,1391.25
2013/9/4,1403.75
2013/9/5,1391.75
2013/9/6,1368.25
2013/9/9,1386
2013/9/10,1373
2013/9/11,1365.25
2013/9/12,1340.25
2013/9/13,1308.25
2013/9/16,1314.75
2013/9/17,1317.25
2013/9/18,1299.75
2013/9/19,1363.5
2013/9/20,1355.25
2013/9/23,1321.75
2013/9/24,1316.5
2013/9/25,1320.25
2013/9/26,1332.5
2013/9/27,1321.5
2013/9/30,1335.75
2013/10/1,1332.25
2013/10/2,1293.75
2013/10/3,1309
2013/10/4,1316
2013/10/7,1311
2013/10/8,1321
2013/10/9,1309.5
2013/10/10,1298
2013/10/11,1285.75
2013/10/14,1276
2013/10/15,1255.5
2013/10/16,1278.25
2013/10/17,1308.5
2013/10/18,1317
2013/10/21,1316
2013/10/22,1311.75
2013/10/23,1333
2013/10/24,1336.25
2013/10/25,1341.75
2013/10/28,1351
2013/10/29,1346.75
2013/10/30,1349.5
2013/10/31,1333.75
2013/11/1,1314.75
2013/11/4,1314.25
2013/11/5,1311.25
2013/11/6,1317
2013/11/7,1316
2013/11/8,1309
2013/11/11,1283.75
2013/11/12,1281
2013/11/13,1276
2013/11/14,1283.25
2013/11/15,1281.75
2013/11/18,1283.5
2013/11/19,1272.25
2013/11/20,1271.5
2013/11/21,1248.5
2013/11/22,1241.75
2013/11/25,1231.75
2013/11/26,1250.75
2013/11/27,1250.75
2013/11/28,1241.75
2013/11/29,1245.25
2013/12/2,1237.5
2013/12/3,1219
2013/12/4,1213
2013/12/5,1234
2013/12/6,1230.75
2013/12/9,1228.5
2013/12/10,1245.75
2013/12/11,1255.25
2013/12/12,1243.5
2013/12/13,1222.75
2013/12/16,1229.5
2013/12/17,1237.25
2013/12/18,1233.25
2013/12/19,1205.25
2013/12/20,1195
2013/12/23,1192.75
2013/12/24,1196.5
2013/12/27,1209.25
2013/12/30,1201.5
2013/12/31,1201.5
2014/1/2,1219.75
2014/1/3,1232.25
2014/1/6,1238
2014/1/7,1237.5
2014/1/8,1226.5
2014/1/9,1226
2014/1/10,1232.25
2014/1/13,1246
2014/1/14,1248.75
2014/1/15,1238
2014/1/16,1237.25
2014/1/17,1241
2014/1/20,1254.75
2014/1/21,1247.75
2014/1/22,1239.5
2014/1/23,1244.25
2014/1/24,1259.25
2014/1/27,1270
2014/1/28,1253.5
2014/1/29,1254.75
2014/1/30,1254
2014/1/31,1246.5
2014/2/3,1246.5
2014/2/4,1253
2014/2/5,1257
2014/2/6,1258.5
2014/2/7,1260
2014/2/10,1273.5
2014/2/11,1282.75
2014/2/12,1286.5
2014/2/13,1290.25
2014/2/14,1308.5
2014/2/17,1326
2014/2/18,1314
2014/2/19,1318.75
2014/2/20,1313.75
2014/2/21,1320.75
2014/2/24,1333
2014/2/25,1332.75
2014/2/26,1340
2014/2/27,1331
2014/2/28,1327.75
2014/3/3,1344.25
2014/3/4,1339.5
2014/3/5,1333.5
2014/3/6,1334.25
2014/3/7,1348.25
2014/3/10,1334.25
2014/3/11,1348
2014/3/12,1355.75
2014/3/13,1371
2014/3/14,1370
2014/3/17,1379
2014/3/18,1362.5
2014/3/19,1346
2014/3/20,1327
2014/3/21,1338.5
2014/3/24,1322
2014/3/25,1314.75
2014/3/26,1314.5
2014/3/27,1295
2014/3/28,1295.75
2014/3/31,1294
2014/4/1,1286.5
2014/4/2,1284
2014/4/3,1287.25
2014/4/4,1293.5
2014/4/7,1299
2014/4/8,1314.75
2014/4/9,1309.75
2014/4/10,1321.5
2014/4/11,1317.25
2014/4/14,1324.5
2014/4/15,1311.5
2014/4/16,1299
2014/4/17,1299.25
2014/4/22,1290.75
2014/4/23,1283.5
2014/4/24,1283.5
2014/4/25,1294.25
2014/4/28,1302
2014/4/29,1289.75
2014/4/30,1292
2014/5/1,1283
2014/5/2,1285
2014/5/6,1308.5
2014/5/7,1311
2014/5/8,1291.25
2014/5/9,1289
2014/5/12,1292.75
2014/5/13,1292.75
2014/5/14,1300.25
2014/5/15,1303.75
2014/5/16,1293.75
2014/5/19,1301
2014/5/20,1291.5
2014/5/21,1292
2014/5/22,1294.5
2014/5/23,1292
2014/5/27,1283
2014/5/28,1265.25
2014/5/29,1254
2014/5/30,1254
2014/6/2,1244.75
2014/6/3,1244.25
2014/6/4,1246
2014/6/5,1244.75
2014/6/6,1254
2014/6/9,1255
2014/6/10,1253.5
2014/6/11,1262.5
2014/6/12,1261.75
2014/6/13,1273
2014/6/16,1281.75
2014/6/17,1264.5
2014/6/18,1269
2014/6/19,1282
2014/6/20,1310
2014/6/23,1313.5
2014/6/24,1323
2014/6/25,1312
2014/6/26,1311.5
2014/6/27,1315.25
2014/6/30,1313
2014/7/1,1325.75
2014/7/2,1326.75
2014/7/3,1322.5
2014/7/4,1321.5
2014/7/7,1313.25
2014/7/8,1318.25
2014/7/9,1322.5
2014/7/10,1343.25
2014/7/11,1336.5
2014/7/14,1321.25
2014/7/15,1312
2014/7/16,1297.5
2014/7/17,1302.75
2014/7/18,1310.25
2014/7/21,1312.75
2014/7/22,1307
2014/7/23,1307.5
2014/7/24,1300
2014/7/25,1292.5
2014/7/28,1305
2014/7/29,1307.5
2014/7/30,1297.5
2014/7/31,1295
2014/8/1,1284.5
2014/8/4,1293.5
2014/8/5,1292.75
2014/8/6,1288.5
2014/8/7,1302
2014/8/8,1317.5
2014/8/11,1308.25
2014/8/12,1311
2014/8/13,1309.25
2014/8/14,1315
2014/8/15,1313.6
2014/8/18,1302.75
2014/8/19,1300.25
2014/8/20,1294.5
2014/8/21,1280.5
2014/8/22,1281
2014/8/26,1286.5
2014/8/27,1285
2014/8/28,1288
2014/8/29,1285.75
2014/9/1,1287.25
2014/9/2,1277.75
2014/9/3,1268.5
2014/9/4,1271
2014/9/5,1264
2014/9/8,1267.25
2014/9/9,1256
2014/9/10,1254.25
2014/9/11,1247
2014/9/12,1237.25
2014/9/15,1234.75
2014/9/16,1238.75
2014/9/17,1236.5
2014/9/18,1223
2014/9/19,1222.5
2014/9/22,1214
2014/9/23,1225
2014/9/24,1224
2014/9/25,1210.5
2014/9/26,1222.25
2014/9/29,1217.75
2014/9/30,1210
2014/10/1,1208.5
2014/10/2,1214.5
2014/10/3,1207.5
2014/10/6,1193.25
2014/10/7,1207.5
2014/10/8,1220
2014/10/9,1227.5
2014/10/10,1222.25
2014/10/13,1228
2014/10/14,1233
2014/10/15,1223.5
2014/10/16,1241
2014/10/17,1238
2014/10/20,1241
2014/10/21,1251.75
2014/10/22,1246.75
2014/10/23,1240.5
2014/10/24,1231.75
2014/10/27,1230.5
2014/10/28,1228.25
2014/10/29,1228
2014/10/30,1205.75
2014/10/31,1173.25
2014/11/3,1170.75
2014/11/4,1169.25
2014/11/5,1145.25
2014/11/6,1144.5
2014/11/7,1145
2014/11/10,1172
2014/11/11,1151.25
2014/11/12,1163.25
2014/11/13,1161
2014/11/14,1154
2014/11/17,1187
2014/11/18,1202
2014/11/19,1200.75
2014/11/20,1194
2014/11/21,1193.25
2014/11/24,1196
2014/11/25,1202.25
2014/11/26,1195.75
2014/11/27,1196.5
2014/11/28,1184.5
2014/12/1,1178.75
2014/12/2,1197
2014/12/3,1203.25
2014/12/4,1204
2014/12/5,1204.5
2014/12/8,1195.25
2014/12/9,1206.5
2014/12/10,1228.25
2014/12/11,1219.5
2014/12/12,1223.5
2014/12/15,1210.75
2014/12/16,1199.25
2014/12/17,1199
2014/12/18,1210.75
2014/12/19,1197.5
2014/12/22,1195.25
2014/12/23,1179.5
2014/12/24,1177
2014/12/29,1194
2014/12/30,1186.5
2014/12/31,1199.25
2015/1/2,1184.25
2015/1/5,1192
2015/1/6,1211
2015/1/7,1213.75
2015/1/8,1206.5
2015/1/9,1211.25
2015/1/12,1222
2015/1/13,1239
2015/1/14,1228.75
2015/1/15,1235.25
2015/1/16,1258.25
2015/1/19,1275.5
2015/1/20,1292.25
2015/1/21,1298
2015/1/22,1287
2015/1/23,1293.5
2015/1/26,1282.75
2015/1/27,1279
2015/1/28,1287
2015/1/29,1275.5
2015/1/30,1263.5
2015/2/2,1274.25
2015/2/3,1281
2015/2/4,1269.25
2015/2/5,1263.75
2015/2/6,1264
2015/2/9,1242.25
2015/2/10,1237.5
2015/2/11,1235.5
2015/2/12,1225.25
2015/2/13,1225.75
2015/2/16,1233.5
2015/2/17,1221.75
2015/2/18,1206.5
2015/2/19,1217.75
2015/2/20,1203.5
2015/2/23,1193.5
2015/2/24,1195.5
2015/2/25,1206.5
2015/2/26,1220
2015/2/27,1205
2015/3/2,1216.75
2015/3/3,1207.75
2015/3/4,1204.25
2015/3/5,1199.75
2015/3/6,1196.5
2015/3/9,1173.75
2015/3/10,1161
2015/3/11,1158.75
2015/3/12,1161.25
2015/3/13,1156.5
2015/3/16,1157
2015/3/17,1154.75
2015/3/18,1149
2015/3/19,1164
2015/3/20,1171.75
2015/3/23,1181.4
2015/3/24,1193.25
2015/3/25,1192.55
2015/3/26,1209.4
2015/3/27,1198
2015/3/30,1187.4
2015/3/31,1179.25
2015/4/1,1181.25
2015/4/2,1201.5
2015/4/7,1208.5
2015/4/8,1211.1
2015/4/9,1196
2015/4/10,1201.9
2015/4/13,1197.85
2015/4/14,1191.45
2015/4/15,1189.85
2015/4/16,1204.6
2015/4/17,1204.55
2015/4/20,1203.25
2015/4/21,1197.7
2015/4/22,1202.4
2015/4/23,1187.75
2015/4/24,1192.15
2015/4/27,1182.75
2015/4/28,1201.4
2015/4/29,1204.8
2015/4/30,1204.3
2015/5/1,1179
2015/5/5,1187.4
2015/5/6,1191.25
2015/5/7,1183
2015/5/8,1185.25
2015/5/11,1184.75
2015/5/12,1184.45
2015/5/13,1193
2015/5/14,1214.75
2015/5/15,1216.3
2015/5/18,1228.15
2015/5/19,1219.65
2015/5/20,1206.75
2015/5/21,1209.6
2015/5/22,1211
2015/5/26,1194
2015/5/27,1186.5
2015/5/28,1188.8
2015/5/29,1189.8
2015/6/1,1188.7
2015/6/2,1194.4
2015/6/3,1184.9
2015/6/4,1175.2
2015/6/5,1168.1
2015/6/8,1173.6
2015/6/9,1177.6
2015/6/10,1186.6
2015/6/11,1180.4
2015/6/12,1179.2
2015/6/15,1185.8
2015/6/16,1180.9
2015/6/17,1176.8
2015/6/18,1202
2015/6/19,1201.9
2015/6/22,1184.1
2015/6/23,1176.6
2015/6/24,1172.9
2015/6/25,1171.8
2015/6/26,1173.2
2015/6/29,1179
2015/6/30,1171.8
2015/7/1,1169.3
2015/7/2,1163.5
2015/7/3,1168.25
2015/7/6,1173.2
2015/7/7,1152.6
2015/7/8,1163.5
2015/7/9,1159.2
2015/7/10,1157.9
2015/7/13,1155.4
2015/7/14,1153.5
2015/7/15,1147.4
2015/7/16,1143.9
2015/7/17,1131.9
2015/7/20,1106.8
2015/7/21,1103.5
2015/7/22,1091.5
2015/7/23,1095.1
2015/7/24,1086
2015/7/27,1096.9
2015/7/28,1096.7
2015/7/29,1093.3
2015/7/30,1088.7
2015/7/31,1095.1
2015/8/3,1089.4
2015/8/4,1090.7
2015/8/5,1085.6
2015/8/6,1090.1
2015/8/7,1094.1
2015/8/10,1104.1
2015/8/11,1107.7
2015/8/12,1123.6
2015/8/13,1115.6
2015/8/14,1112.7
2015/8/17,1118.4
2015/8/18,1116.9
2015/8/19,1127.9
2015/8/20,1153.2
2015/8/21,1159.6
2015/8/24,1153.6
2015/8/25,1138.3
2015/8/26,1124.6
2015/8/27,1122.6
2015/8/28,1134
2015/8/31,1132.5
2015/9/1,1139.8
2015/9/2,1133.6
2015/9/3,1124.5
2015/9/4,1121.4
2015/9/7,1121
2015/9/8,1121
2015/9/9,1102
2015/9/10,1109.3
2015/9/11,1103.3
2015/9/14,1107.7
2015/9/15,1102.6
2015/9/16,1119
2015/9/17,1117
2015/9/18,1137.8
2015/9/21,1132.8
2015/9/22,1124.8
2015/9/23,1131.5
2015/9/24,1153.8
2015/9/25,1145.6
2015/9/28,1131.7
2015/9/29,1126.8
2015/9/30,1115.2
2015/10/1,1113.7
2015/10/2,1136.6
2015/10/5,1137.6
2015/10/6,1146.4
2015/10/7,1148.7
2015/10/8,1144.3
2015/10/9,1155.9
2015/10/12,1164.5
2015/10/13,1165.4
2015/10/14,1179.8
2015/10/15,1187.5
2015/10/16,1183.1
2015/10/19,1172.8
2015/10/20,1177.5
2015/10/21,1167.1
2015/10/22,1166.1
2015/10/23,1162.8
2015/10/26,1166.2
2015/10/27,1165.8
2015/10/28,1176.1
2015/10/29,1147.3
2015/10/30,1141.4
2015/11/2,1135.9
2015/11/3,1114.1
2015/11/4,1106.2
2015/11/5,1104.2
2015/11/6,1087.7
2015/11/9,1088.1
2015/11/10,1088.5
2015/11/11,1084.9
2015/11/12,1081
2015/11/13,1080.9
2015/11/16,1083.6
2015/11/17,1068.6
2015/11/18,1068.7
2015/11/19,1078.1
2015/11/20,1076.3
2015/11/23,1066.6
2015/11/24,1073.3
2015/11/25,1069.7
2015/11/26,1070.5
2015/11/27,1056.2
2015/11/30,1065.3
2015/12/1,1063.5
2015/12/2,1053.8
2015/12/3,1061.2
2015/12/4,1084.1
2015/12/7,1075.2
2015/12/8,1075.3
2015/12/9,1076.5
2015/12/10,1072
2015/12/11,1075.7
2015/12/14,1063.4
2015/12/15,1061.6
2015/12/16,1076.8
2015/12/17,1049.6
2015/12/18,1065
2015/12/21,1080.6
2015/12/22,1074.1
2015/12/23,1068.3
2015/12/24,1075.9
2015/12/28,1068.3
2015/12/29,1068
2015/12/30,1059.8
2015/12/31,1060.2
2016/1/4,1075.2
2016/1/5,1078.4
2016/1/6,1091.9
2016/1/7,1107.8
2016/1/8,1097.9
2016/1/11,1096.2
2016/1/12,1085.2
2016/1/13,1087.1
2016/1/14,1073.6
2016/1/15,1090.7
2016/1/18,1090.45
2016/1/19,1089.1
2016/1/20,1106.2
2016/1/21,1098.2
2016/1/22,1096.3
2016/1/25,1105.6
2016/1/26,1120.6
2016/1/27,1116.3
2016/1/28,1116.1
2016/1/29,1116.4
2016/2/1,1128
2016/2/2,1127.2
2016/2/3,1141.3
2016/2/4,1157.5
2016/2/5,1157.7
2016/2/8,1197.9
2016/2/9,1198.6
2016/2/10,1194.6
2016/2/11,1247.8
2016/2/12,1239.4
2016/2/15,1208.45
2016/2/16,1208.2
2016/2/17,1211.4
2016/2/18,1226.3
2016/2/19,1230.8
2016/2/22,1210.1
2016/2/23,1222.6
2016/2/24,1239.1
2016/2/25,1238.8
2016/2/26,1220.4
2016/2/29,1234.4
2016/3/1,1230.8
2016/3/2,1241.8
2016/3/3,1258.2
2016/3/4,1270.7
2016/3/7,1264
2016/3/8,1262.9
2016/3/9,1257.4
2016/3/10,1272.8
2016/3/11,1259.4
2016/3/14,1245.1
2016/3/15,1231
2016/3/16,1229.8
2016/3/17,1265
2016/3/18,1254.3
2016/3/21,1244.2
2016/3/22,1250.3
2016/3/23,1225.6
2016/3/24,1223.5
2016/3/28,1222
2016/3/29,1237.5
2016/3/30,1228.6
2016/3/31,1235.6
2016/4/1,1223.5
2016/4/4,1219.3
2016/4/5,1229.6
2016/4/6,1223.8
2016/4/7,1237.5
2016/4/8,1243.8
2016/4/11,1258
2016/4/12,1260.9
2016/4/13,1248.3
2016/4/14,1226.5
2016/4/15,1234.6
2016/4/18,1235
2016/4/19,1254.3
2016/4/20,1254.4
2016/4/21,1250.3
2016/4/22,1230
2016/4/24,1235.3
2016/4/25,1240.2
2016/4/26,1243.4
2016/4/27,1250.4
2016/4/28,1266.4
2016/4/29,1290.5
2016/5/1,1293.8
2016/5/2,1295.8
2016/5/3,1291.8
2016/5/4,1274.4
2016/5/5,1272.3
2016/5/6,1294
2016/5/8,1286
2016/5/9,1266.6
2016/5/10,1264.8
2016/5/11,1275.5
2016/5/12,1271.2
2016/5/13,1272.7
2016/5/15,1277.9
2016/5/16,1274.2
2016/5/17,1276.9
2016/5/18,1274.4
2016/5/19,1254.8
2016/5/20,1252.9
2016/5/22,1255.1
2016/5/23,1254.9
2016/5/24,1232.2
2016/5/25,1226.6
2016/5/26,1222.7
2016/5/27,1216.7
2016/5/31,1217.5
2016/6/1,1214.7
2016/6/2,1212.6
2016/6/3,1242.9
2016/6/6,1247.4
2016/6/7,1247
2016/6/8,1262.3
2016/6/9,1272.7
2016/6/10,1275.9
2016/6/13,1286.9
2016/6/14,1288.1
2016/6/15,1288.3
2016/6/16,1298.4
2016/6/17,1294.8
2016/6/20,1292.1
2016/6/21,1272.5
2016/6/22,1270
2016/6/23,1263.1
2016/6/24,1322.4
2016/6/27,1324.7
2016/6/28,1317.9
2016/6/29,1326.9
2016/6/30,1320.6
2016/7/1,1339
2016/7/4,1353.5
2016/7/5,1358.7
2016/7/6,1367.1
2016/7/7,1362.1
2016/7/8,1358.4
2016/7/11,1356.6
2016/7/12,1335.3
2016/7/13,1343.6
2016/7/14,1332.2
2016/7/15,1327.4
2016/7/18,1329.3
2016/7/19,1332.3
2016/7/20,1319.3
2016/7/21,1338.9
2016/7/22,1331.5
2016/7/25,1327.2
2016/7/26,1328.3
2016/7/27,1334.5
2016/7/28,1341.2
2016/7/29,1357.5
2016/8/1,1359.6
2016/8/2,1372.6
2016/8/3,1364.7
2016/8/4,1367.4
2016/8/5,1344.4
2016/8/8,1341.3
2016/8/9,1346.7
2016/8/10,1351.9
2016/8/11,1350
2016/8/12,1343.2
2016/8/15,1347.5
2016/8/16,1356.9
2016/8/17,1348.8
2016/8/18,1357.2
2016/8/19,1346.2
2016/8/22,1343.4
2016/8/23,1346.1
2016/8/24,1329.7
2016/8/25,1324.6
2016/8/26,1325.9
2016/8/29,1327.1
2016/8/30,1316.5
2016/8/31,1311.4
2016/9/1,1317.1
2016/9/2,1326.7
2016/9/5,1330.7
2016/9/6,1354
2016/9/7,1349.2
2016/9/8,1341.6
2016/9/9,1334.5
2016/9/12,1325.6
2016/9/13,1323.7
2016/9/14,1326.1
2016/9/15,1318
2016/9/16,1310.2
2016/9/19,1317.8
2016/9/20,1318.2
2016/9/21,1331.4
2016/9/22,1344.7
2016/9/23,1341.7
2016/9/26,1344.1
2016/9/27,1330.4
2016/9/28,1323.7
2016/9/29,1326
2016/9/30,1317.1
2016/10/3,1312.7
2016/10/4,1269.7
2016/10/5,1268.6
2016/10/6,1253
2016/10/7,1251.9
2016/10/10,1260.4
2016/10/11,1255.9
2016/10/12,1253.8
2016/10/13,1257.6
2016/10/14,1255.5
2016/10/17,1256.6
2016/10/18,1262.9
2016/10/19,1269.9
2016/10/20,1267.5
2016/10/21,1267.7
2016/10/24,1263.7
2016/10/25,1273.6
2016/10/26,1266.6
2016/10/27,1269.5
2016/10/28,1276.8
2016/10/31,1273.1
2016/11/1,1288
2016/11/2,1308.2
2016/11/3,1303.3
2016/11/4,1304.5
2016/11/7,1279.4
2016/11/8,1274.5
2016/11/9,1273.5
2016/11/10,1266.4
2016/11/11,1224.3
2016/11/14,1221.7
2016/11/15,1224.5
2016/11/16,1223.9
2016/11/17,1216.9
2016/11/18,1208.7
2016/11/21,1209.8
2016/11/22,1214.1
2016/11/23,1192.4
2016/11/24,1183.6
2016/11/25,1181
2016/11/28,1193.8
2016/11/29,1190.8
2016/11/30,1173.9
2016/12/1,1169.4
2016/12/2,1177.8
2016/12/5,1176.5
2016/12/6,1170.1
2016/12/7,1177.5
2016/12/8,1172.4
2016/12/9,1161.9
2016/12/12,1165.8
2016/12/13,1159
2016/12/14,1163.7
2016/12/15,1129.8
2016/12/16,1137.4
2016/12/19,1142.7
2016/12/20,1133.6
2016/12/21,1133.2
2016/12/22,1130.7
2016/12/23,1133.6
2016/12/27,1138.8
2016/12/28,1140.9
2016/12/29,1158.1
2016/12/30,1151.7
2017/1/3,1162
2017/1/4,1165.3
2017/1/5,1181.3
2017/1/6,1173.4
2017/1/9,1184.9
2017/1/10,1185.5
2017/1/11,1196.6
2017/1/12,1199.8
2017/1/13,1196.2
2017/1/16,1202.6
2017/1/17,1212.9
2017/1/18,1212.1
2017/1/19,1201.5
2017/1/20,1204.9
2017/1/23,1218.5
2017/1/24,1213.6
2017/1/25,1200.5
2017/1/26,1192.5
2017/1/27,1191.1
2017/1/30,1196
2017/1/31,1211.4
2017/2/1,1208.3
2017/2/2,1219.4
2017/2/3,1220.8
2017/2/6,1232.1
2017/2/7,1236.1
2017/2/8,1239.5
2017/2/9,1236.8
2017/2/10,1235.9
2017/2/13,1225.8
2017/2/14,1225.4
2017/2/15,1233.1
2017/2/16,1241.6
2017/2/17,1239.1
2017/2/20,1238.5
2017/2/21,1238.9
2017/2/22,1233.3
2017/2/23,1251.4
2017/2/24,1258.3
2017/2/27,1258.8
2017/2/28,1253.9
2017/3/1,1250
2017/3/2,1232.9
2017/3/3,1226.5
2017/3/6,1225.5
2017/3/7,1216.1
2017/3/8,1209.4
2017/3/9,1203.2
2017/3/10,1201.4
2017/3/13,1203.1
2017/3/14,1202.6
2017/3/15,1200.7
2017/3/16,1227.1
2017/3/17,1230.2
2017/3/20,1234
2017/3/21,1249.6
2017/3/22,1252.8
2017/3/23,1250.1
2017/3/24,1251.7
2017/3/27,1258.8
2017/3/28,1258.8
2017/3/29,1256.8
2017/3/30,1248
2017/3/31,1251.2
2017/4/3,1254
2017/4/4,1258.4
2017/4/5,1248.5
2017/4/6,1253.3
2017/4/7,1257.3
2017/4/10,1253.9
2017/4/11,1274.2
2017/4/12,1278.1
2017/4/13,1288.5
2017/4/17,1291.9
2017/4/18,1294.1
2017/4/19,1283.4
2017/4/20,1283.8
2017/4/21,1289.1
2017/4/24,1277.5
2017/4/25,1267.2
2017/4/26,1264.2
2017/4/27,1265.9
2017/4/28,1268.3
2017/5/1,1255.5
2017/5/2,1257
2017/5/3,1248.5
2017/5/4,1228.6
2017/5/5,1226.9
2017/5/8,1227.1
2017/5/9,1216.1
2017/5/10,1218.9
2017/5/11,1224.2
2017/5/12,1227.7
2017/5/15,1230
2017/5/16,1236.4
2017/5/17,1258.7
2017/5/18,1252.8
2017/5/19,1253.6
2017/5/22,1261.4
2017/5/23,1258.9
2017/5/24,1256.5
2017/5/25,1259.8
2017/5/26,1271.4
2017/5/29,1269.9
2017/5/30,1265.7
2017/5/31,1275.4
2017/6/1,1270.1
2017/6/2,1280.2
2017/6/5,1282.7
2017/6/6,1297.5
2017/6/7,1293.2
2017/6/8,1279.5
2017/6/9,1271.4
2017/6/12,1268.9
2017/6/13,1268.6
2017/6/14,1275.9
2017/6/15,1254.6
2017/6/16,1256.5
2017/6/19,1246.7
2017/6/20,1243.5
2017/6/21,1245.8
2017/6/22,1249.4
2017/6/23,1256.4
2017/6/26,1246.4
2017/6/27,1246.9
2017/6/28,1249.1
2017/6/29,1245.8
2017/6/30,1242.3
2017/7/3,1219.2
2017/7/4,1223
2017/7/5,1221.7
2017/7/6,1223.3
2017/7/7,1209.7
2017/7/10,1213.2
2017/7/11,1214.7
2017/7/12,1219.1
2017/7/13,1217.3
2017/7/14,1227.5
2017/7/17,1233.7
2017/7/18,1241.9
2017/7/19,1248.8
2017/7/20,1252.1
2017/7/21,1261
2017/7/24,1260.7
2017/7/25,1258.5
2017/7/26,1255.6
2017/7/27,1266.5
2017/7/28,1275.3
2017/7/31,1273.4
2017/8/1,1279.4
2017/8/2,1278.4
2017/8/3,1274.4
2017/8/4,1264.6
2017/8/7,1264.7
2017/8/8,1262.6
2017/8/9,1279.3
2017/8/10,1290.1
2017/8/11,1294
2017/8/14,1290.4
2017/8/15,1279.7
2017/8/16,1282.9
2017/8/17,1292.4
2017/8/18,1291.6
2017/8/21,1296.7
2017/8/22,1291
2017/8/23,1294.7
2017/8/24,1292
2017/8/25,1297.9
2017/8/28,1315.3
2017/8/29,1318.9
2017/8/30,1314.1
2017/8/31,1322.2
2017/9/1,1330.4
2017/9/4,1339.4
2017/9/5,1344.5
2017/9/6,1339
2017/9/7,1350.3
2017/9/8,1351.2
2017/9/11,1335.7
2017/9/12,1332.7
2017/9/13,1328
2017/9/14,1329.3
2017/9/15,1325.2
2017/9/18,1310.8
2017/9/19,1310.6
2017/9/20,1316.4
2017/9/21,1294.8
2017/9/22,1297.5
2017/9/25,1311.5
2017/9/26,1301.7
2017/9/27,1287.8
2017/9/28,1288.7
2017/9/29,1284.8
2017/10/2,1275.8
2017/10/3,1274.6
2017/10/4,1276.8
2017/10/5,1273.2
2017/10/6,1274.9
2017/10/9,1285
2017/10/10,1293.8
2017/10/11,1288.9
2017/10/12,1296.5
2017/10/13,1304.6
2017/10/16,1303
2017/10/17,1286.2
2017/10/18,1283
2017/10/19,1290
2017/10/20,1280.5
2017/10/23,1280.9
2017/10/24,1278.3
2017/10/25,1279
2017/10/26,1269.6
2017/10/27,1271.8
2017/10/30,1277.7
2017/10/31,1270.5
2017/11/1,1277.3
2017/11/2,1278.1
2017/11/3,1269.2
2017/11/6,1281.6
2017/11/7,1275.8
2017/11/8,1283.7
2017/11/9,1287.5
2017/11/10,1274.2
2017/11/13,1278.9
2017/11/14,1282.9
2017/11/15,1277.7
2017/11/16,1278.2
2017/11/17,1283.85
2017/11/20,1292.35
2017/11/21,1280
2017/11/22,1283.95
2017/11/23,1290.15
2017/11/24,1289.15
2017/11/27,1294.7
2017/11/28,1293.9
2017/11/29,1294.85
2017/11/30,1282.15
2017/12/1,1277.25
2017/12/4,1279.1
2017/12/5,1275.9
2017/12/6,1268.55
2017/12/7,1256.8
2017/12/8,1245.85
2017/12/11,1251.4
2017/12/12,1243.4
2017/12/13,1241.6
2017/12/14,1255.6
2017/12/15,1257.25
2017/12/18,1258.65
2017/12/19,1263.1
2017/12/20,1265.95
2017/12/21,1265.85
2017/12/22,1268.05
2017/12/27,1285.4
2017/12/28,1291.6
2017/12/29,1296.5
2018/1/2,1312.8
2018/1/3,1314.6
2018/1/4,1313.7
2018/1/5,1317.9
2018/1/8,1318.8
2018/1/9,1314.95
2018/1/10,1321.65
2018/1/11,1319.85
2018/1/12,1332.9
2018/1/15,1343
2018/1/16,1334.95
2018/1/17,1337.35
2018/1/18,1329.75
2018/1/19,1335.8
2018/1/22,1334.15
2018/1/23,1337.1
2018/1/24,1350.5
2018/1/25,1360.25
2018/1/26,1354.35
2018/1/29,1348.4
2018/1/30,1345.7
2018/1/31,1343.35
2018/2/1,1341.1
2018/2/2,1345
2018/2/5,1337.1
2018/2/6,1344.65
2018/2/7,1328.5
2018/2/8,1311.05
2018/2/9,1316.05
2018/2/12,1321.7
2018/2/13,1329.4
2018/2/14,1330.75
2018/2/15,1353.7
2018/2/16,1358.6
2018/2/19,1347.4
2018/2/20,1337.4
2018/2/21,1328.6
2018/2/22,1323.5
2018/2/23,1328.9
2018/2/26,1339.05
2018/2/27,1332.75
2018/2/28,1320.3
2018/3/1,1311.25
2018/3/2,1316.75
2018/3/5,1326.3
2018/3/6,1324.95
2018/3/7,1332.5
2018/3/8,1325.4
2018/3/9,1319.35
2018/3/12,1317.25
2018/3/13,1318.7
2018/3/14,1324.95
2018/3/15,1323.35
2018/3/16,1320.05
2018/3/19,1311.7
2018/3/20,1312.75
2018/3/21,1316.35
2018/3/22,1328.85
2018/3/23,1342.35
2018/3/26,1348.4
2018/3/27,1350.65
2018/3/28,1341.05
2018/3/29,1323.9
2018/4/3,1336.6
2018/4/4,1343.15
2018/4/5,1327.05
2018/4/6,1325.6
2018/4/9,1328.5
2018/4/10,1335.95
2018/4/11,1345.2
2018/4/12,1345.9
2018/4/13,1340.75
2018/4/16,1344.4
2018/4/17,1342.95
2018/4/18,1346.55
2018/4/19,1347.9
2018/4/20,1340.15
2018/4/23,1328
2018/4/24,1327.35
2018/4/25,1325.7
2018/4/26,1321.9
2018/4/27,1317.7
2018/4/30,1316.25
2018/5/1,1309.2
2018/5/2,1310.75
2018/5/3,1313.3
2018/5/4,1309.35
2018/5/8,1310.05
2018/5/9,1306.85
2018/5/10,1314.8
2018/5/11,1324.8
2018/5/14,1320.7
2018/5/15,1310.05
2018/5/16,1291.75
2018/5/17,1288.85
2018/5/18,1287.2
2018/5/21,1285.85
2018/5/22,1293.9
2018/5/23,1294
2018/5/24,1296.35
2018/5/25,1303.95
2018/5/29,1302.05
2018/5/30,1298.6
2018/5/31,1303.5
2018/6/1,1299.15
2018/6/4,1294.65
2018/6/5,1292.25
2018/6/6,1295.25
2018/6/7,1298.3
2018/6/8,1299.2
2018/6/11,1296.05
2018/6/12,1298.3
2018/6/13,1294.4
2018/6/14,1305.3
2018/6/15,1300.1
2018/6/18,1281.25
2018/6/19,1279
2018/6/20,1273.25
2018/6/21,1263.7
2018/6/22,1269.7
2018/6/25,1269.8
2018/6/26,1257.15
2018/6/27,1256.8
2018/6/28,1250.5
2018/6/29,1250.55
2018/7/2,1249
2018/7/3,1245.85
2018/7/4,1256.9
2018/7/5,1252.5
2018/7/6,1254.2
2018/7/9,1262.6
2018/7/10,1253.7
2018/7/11,1250
2018/7/12,1244.85
2018/7/13,1240.5
2018/7/16,1244.9
2018/7/17,1243.65
2018/7/18,1223.45
2018/7/19,1217.4
2018/7/20,1224.85
2018/7/23,1229.45
2018/7/24,1224.3
2018/7/25,1230.55
2018/7/26,1228.35
2018/7/27,1219.15
2018/7/30,1222.05
2018/7/31,1219.2
2018/8/1,1222.75
2018/8/2,1217.6
2018/8/3,1207.7
2018/8/6,1212
2018/8/7,1215.4
2018/8/8,1212.35
2018/8/9,1215.5
2018/8/10,1211.65
2018/8/13,1204.4
2018/8/14,1195.3
2018/8/15,1186.7
2018/8/16,1179.65
2018/8/17,1176.7
2018/8/20,1188.75
2018/8/21,1194.1
2018/8/22,1196.85
2018/8/23,1187.3
2018/8/24,1189.95
2018/8/28,1212.75
2018/8/29,1204.3
2018/8/30,1202.35
2018/8/31,1206.85
2018/9/3,1201.7
2018/9/4,1195.75
2018/9/5,1194.7
2018/9/6,1204.3
2018/9/7,1200.75
2018/9/10,1195.8
2018/9/11,1194
2018/9/12,1197.8
2018/9/13,1206.65
2018/9/14,1206.2
2018/9/17,1196.8
2018/9/18,1199.4
2018/9/19,1203
2018/9/20,1203
2018/9/21,1207.6
2018/9/24,1198.75
2018/9/25,1199.45
2018/9/26,1198.8
2018/9/27,1196
2018/9/28,1183.5
2018/10/1,1185.3
2018/10/2,1192.65
2018/10/3,1203.5
2018/10/4,1199.45
2018/10/5,1201.1
2018/10/8,1194.8
2018/10/9,1187.4
2018/10/10,1186.4
2018/10/11,1201.1
2018/10/12,1218.75
2018/10/15,1233
2018/10/16,1228.85
2018/10/17,1226.75
2018/10/18,1224.6
2018/10/19,1228.25
2018/10/22,1222.9
2018/10/23,1235.6
2018/10/24,1231.65
2018/10/25,1232.15
2018/10/26,1236.05
2018/10/29,1230.75
2018/10/30,1220
2018/10/31,1217.7
2018/11/1,1223.25
2018/11/2,1235.5
2018/11/5,1231.6
2018/11/6,1234.85
2018/11/7,1235.05
2018/11/8,1223.45
2018/11/9,1219.05
2018/11/12,1207.05
2018/11/13,1197.55
2018/11/14,1201.45
2018/11/15,1210.6
2018/11/16,1215.8
2018/11/19,1223.55
2018/11/20,1223.1
2018/11/21,1224
2018/11/22,1228.25
2018/11/23,1222.15
2018/11/26,1226.65
2018/11/27,1225.05
2018/11/28,1213.2
2018/11/29,1226.45
2018/11/30,1220.45
2018/12/3,1231.05
2018/12/4,1239.25
2018/12/5,1236.15
2018/12/6,1236.45
2018/12/7,1241.2
2018/12/10,1246.8
2018/12/11,1248.25
2018/12/12,1244.75
2018/12/13,1244.45
2018/12/14,1239.15
2018/12/17,1239.1
2018/12/18,1248.8
2018/12/19,1248.6
2018/12/20,1255
2018/12/21,1257.6
2018/12/24,1261.25
2018/12/27,1271.1
2018/12/28,1277.25
2018/12/31,1281.65
2019/1/2,1287.2
2019/1/3,1287.95
2019/1/4,1290.35
2019/1/7,1291.5
2019/1/8,1283.9
2019/1/9,1281.3
2019/1/10,1292.4
2019/1/11,1292.8
2019/1/14,1293.7
2019/1/15,1289.35
2019/1/16,1290.5
2019/1/17,1294
2019/1/18,1285.05
2019/1/21,1278.7
2019/1/22,1284.75
2019/1/23,1284.9
2019/1/24,1279.75
2019/1/25,1282.95
2019/1/28,1301
2019/1/29,1308.35
2019/1/30,1312.95
2019/1/31,1322.5
2019/2/1,1320.75
2019/2/4,1311
2019/2/5,1314
2019/2/6,1313.35
2019/2/7,1306.6
2019/2/8,1311.1
2019/2/11,1306.75
2019/2/12,1311.6
2019/2/13,1311.15
2019/2/14,1305.65
2019/2/15,1318
2019/2/18,1323.95
2019/2/19,1329.55
2019/2/20,1345.75
2019/2/21,1335.05
2019/2/22,1322.25
2019/2/25,1329.15
2019/2/26,1327.55
2019/2/27,1326.45
2019/2/28,1325.45
2019/3/1,1309.95
2019/3/4,1287.45
2019/3/5,1285
2019/3/6,1285.55
2019/3/7,1286.4
2019/3/8,1294.1
2019/3/11,1296.35
2019/3/12,1296.95
2019/3/13,1308.4
2019/3/14,1299.2
2019/3/15,1302.65
2019/3/18,1305.35
2019/3/19,1308.35
2019/3/20,1303
2019/3/21,1317.3
2019/3/22,1311.1
2019/3/25,1319.35
2019/3/26,1315.25
2019/3/27,1318.25
2019/3/28,1306.9
2019/3/29,1291.15
2019/4/1,1291.9
2019/4/2,1287.2
2019/4/3,1291.85
2019/4/4,1291.6
2019/4/5,1288.9
2019/4/8,1297.1
2019/4/9,1301.85
2019/4/10,1304.8
2019/4/11,1304.65
2019/4/12,1296.15
2019/4/15,1286.75
2019/4/16,1283.75
2019/4/17,1276.1
2019/4/18,1276.5
2019/4/23,1273.45
2019/4/24,1273.8
2019/4/25,1277.85
2019/4/26,1281.5
2019/4/29,1282.15
2019/4/30,1285.15
2019/5/1,1281.8
2019/5/2,1271.45
2019/5/3,1270.05
2019/5/7,1281.3
2019/5/8,1287.75
2019/5/9,1284.1
2019/5/10,1285.4
2019/5/13,1282.95
2019/5/14,1297.6
2019/5/15,1298.9
2019/5/16,1295.55
2019/5/17,1285.8
2019/5/20,1275.25
2019/5/21,1276
2019/5/22,1274
2019/5/23,1275.95
2019/5/24,1281.5
2019/5/28,1283.9
2019/5/29,1283.5
2019/5/30,1276.45
2019/5/31,1296
2019/6/3,1313.95
2019/6/4,1323.6
2019/6/5,1337.75
2019/6/6,1336.65
2019/6/7,1334.3
2019/6/10,1328.6
2019/6/11,1322.65
2019/6/12,1336.65
2019/6/13,1335.8
2019/6/14,1352.45
2019/6/17,1333.2
2019/6/18,1344.55
2019/6/19,1342.4
2019/6/20,1381.65
2019/6/21,1388.35
2019/6/24,1405.45
2019/6/25,1429.55
2019/6/26,1406.75
2019/6/27,1402.25
2019/6/28,1413.2
2019/7/1,1390.05
2019/7/2,1393.1
2019/7/3,1425.1
2019/7/4,1415.25
2019/7/5,1414.4
2019/7/8,1404.9
2019/7/9,1387.9
2019/7/10,1395.45
2019/7/11,1423.1
2019/7/12,1405.6
2019/7/15,1416.25
2019/7/16,1416.1
2019/7/17,1400.8
2019/7/18,1420.9
2019/7/19,1437.05
2019/7/22,1424.45
2019/7/23,1417.55
2019/7/24,1425.55
2019/7/25,1426.35
2019/7/26,1418.25
2019/7/29,1418.95
2019/7/30,1428.45
2019/7/31,1430.55
2019/8/1,1406.4
2019/8/2,1436.05
2019/8/5,1457.45
2019/8/6,1461.85
2019/8/7,1487.65
2019/8/8,1497.4
2019/8/9,1503.5
2019/8/12,1501.95
2019/8/13,1527.2
2019/8/14,1500.35
2019/8/15,1517.65
2019/8/16,1509.05
2019/8/19,1499.35
2019/8/20,1502.65
2019/8/21,1499.65
2019/8/22,1498.7
2019/8/23,1495.5
2019/8/27,1531.85
2019/8/28,1541.75
2019/8/29,1536.65
2019/8/30,1526.55
2019/9/2,1523.35
2019/9/3,1532.45
2019/9/4,1538.8
2019/9/5,1542.6
2019/9/6,1504.95
2019/9/9,1509.95
2019/9/10,1494.6
2019/9/11,1493.65
2019/9/12,1502.95
2019/9/13,1506.3
2019/9/16,1502.05
2019/9/17,1499.3
2019/9/18,1502.2
2019/9/19,1498.4
2019/9/20,1504.1
2019/9/23,1519.5
2019/9/24,1520.25
2019/9/25,1530.85
2019/9/26,1507.05
2019/9/27,1496.15
2019/9/30,1487.6
2019/10/1,1466.1
2019/10/2,1484.05
2019/10/3,1504
2019/10/4,1509.5
2019/10/7,1502.15
2019/10/8,1500
2019/10/9,1503.4
2019/10/10,1508.2
2019/10/11,1498.35
2019/10/14,1494.2
2019/10/15,1494.75
2019/10/16,1482.55
2019/10/17,1484.45
2019/10/21,1490.85
2019/10/22,1487.45
2019/10/23,1494.25
2019/10/24,1488.85
2019/10/25,1504.65
2019/10/28,1505.05
2019/10/29,1492.75
2019/10/30,1490.15
2019/10/31,1506.4
2019/11/1,1509.85
2019/11/4,1509.2
2019/11/5,1504.6
2019/11/6,1488.55
2019/11/7,1484.1
2019/11/8,1466.85
2019/11/11,1465.5
2019/11/12,1455
2019/11/13,1463.45
2019/11/14,1467.65
2019/11/15,1465.6
2019/11/18,1458.4
2019/11/19,1464.9
2019/11/20,1475.7
2019/11/21,1468.9
2019/11/22,1471.3
2019/11/25,1459.45
2019/11/26,1457.65
2019/11/27,1459.8
2019/11/28,1457.55
2019/11/29,1456.35
2019/12/2,1457.5
2019/12/3,1470.4
2019/12/4,1475.85
2019/12/5,1474.6
2019/12/6,1474.85
2019/12/9,1463.6
2019/12/10,1464.45
2019/12/11,1468.05
2019/12/12,1474.7
2019/12/13,1470.6
2019/12/16,1477.4
2019/12/17,1478.4
2019/12/18,1478.9
2019/12/19,1474.4
2019/12/20,1476.9
2019/12/23,1483.95
2019/12/24,1490.85
2019/12/27,1510.6
2019/12/30,1511.5
2019/12/31,1523
2020/1/2,1520.55
2020/1/3,1547.4
2020/1/6,1576.85
2020/1/7,1566.5
2020/1/8,1582.85
2020/1/9,1547.85
2020/1/10,1548.8
2020/1/13,1550.35
2020/1/14,1544.95
2020/1/15,1551.9
2020/1/16,1555.2
2020/1/17,1556.5
2020/1/20,1559.25
2020/1/21,1556.25
2020/1/22,1558.1
2020/1/23,1554.05
2020/1/24,1561.85
2020/1/27,1583.45
2020/1/28,1579.6
2020/1/29,1571.2
2020/1/30,1580.4
2020/1/31,1580.85
2020/2/3,1578.85
2020/2/4,1571.2
2020/2/5,1552.2
2020/2/6,1564.75
2020/2/10,1574.05
2020/2/11,1567.7
2020/2/12,1566.75
2020/2/13,1575
2020/2/14,1576.35
2020/2/17,1580.3
2020/2/18,1588.2
2020/2/19,1609.5
2020/2/20,1610.35
2020/2/21,1633.7
2020/2/24,1682.35
2020/2/25,1655.9
2020/2/26,1647.95
2020/2/27,1646.6
2020/2/28,1626.35
2020/3/2,1609.7
2020/3/3,1599.05
2020/3/4,1644.8
2020/3/5,1647.45
2020/3/6,1687
2020/3/9,1676.6
2020/3/10,1657.4
2020/3/11,1662.5
2020/3/12,1636.65
2020/3/13,1588.15
2020/3/16,1504.65
2020/3/17,1472.35
2020/3/18,1506
2020/3/19,1480.7
2020/3/20,1504.45
2020/3/23,1494.5
2020/3/24,1599.5
2020/3/25,1620.95
2020/3/26,1620.1
2020/3/27,1621.2
2020/3/30,1624.45
2020/3/31,1604.65
2020/4/1,1594.25
2020/4/2,1588.05
2020/4/3,1609.75
2020/4/6,1636.6
2020/4/7,1652.2
2020/4/8,1649.05
2020/4/9,1662.5
2020/4/14,1715.85
2020/4/15,1712.25
2020/4/16,1717.85
2020/4/17,1693.15
2020/4/20,1684.95
2020/4/21,1678.6
2020/4/22,1702.65
2020/4/23,1727.55
2020/4/24,1727.25
2020/4/27,1717.25
2020/4/28,1708.1
2020/4/29,1706
2020/4/30,1716.75
2020/5/1,1673.05
2020/5/4,1703.7
2020/5/5,1696.3
2020/5/6,1698.9
2020/5/7,1688.65
2020/5/11,1698.8
2020/5/12,1703.45
2020/5/13,1699.85
2020/5/14,1716.4
2020/5/15,1734.85
2020/5/18,1756.9
2020/5/19,1735.25
2020/5/20,1750.05
2020/5/21,1732.8
2020/5/22,1732.45
2020/5/26,1722.75
2020/5/27,1705.15
2020/5/28,1723.3
2020/5/29,1725.65
2020/6/1,1734.8
2020/6/2,1740.25
2020/6/3,1717.6
2020/6/4,1706.45
2020/6/5,1709.55
2020/6/8,1692
2020/6/9,1707.5
2020/6/10,1717.65
2020/6/11,1731.9
2020/6/12,1735.85
2020/6/15,1710.4
2020/6/16,1728.35
2020/6/17,1717.3
2020/6/18,1732.65
2020/6/19,1728.55
2020/6/22,1745.45
2020/6/23,1756.6
2020/6/24,1775.7
2020/6/25,1758.55
2020/6/26,1762.1
2020/6/29,1768.8
2020/6/30,1770.7
2020/7/1,1787.4
2020/7/2,1771.85
2020/7/3,1774.65
2020/7/6,1774.4
2020/7/7,1775.5
2020/7/8,1799.35
2020/7/9,1812.45
2020/7/10,1805.75
2020/7/13,1814.1
2020/7/14,1813.4
2020/7/15,1813.8
2020/7/16,1800.3
2020/7/17,1810
2020/7/20,1817.4
2020/7/21,1843.9
2020/7/22,1865.1
2020/7/23,1890
2020/7/24,1897.5
2020/7/27,1931
2020/7/28,1946.24
2020/7/29,1958.16
2020/7/30,1950.04
2020/7/31,1971.68
2020/8/3,1974.7
2020/8/4,2008.5
2020/8/5,2037.1
2020/8/6,2058.4
2020/8/7,2018
2020/8/10,2030.3
2020/8/11,1938.9
2020/8/12,1940.5
2020/8/13,1961.9
2020/8/14,1942.3
2020/8/17,1989.9
2020/8/18,2004.8
2020/8/19,1963.5
2020/8/20,1938.3
2020/8/21,1938.3
2020/8/24,1931.5
2020/8/25,1915.6
2020/8/26,1944.1
2020/8/27,1925
2020/8/28,1966.8
2020/8/31,1970.5
2020/9/1,1970.8
2020/9/2,1936.9
2020/9/3,1930.2
2020/9/4,1926.2
2020/9/7,1928.4
2020/9/8,1935.1
2020/9/9,1946.8
2020/9/10,1956
2020/9/11,1939.5
2020/9/14,1954.7
2020/9/15,1958
2020/9/16,1962
2020/9/17,1941.3
2020/9/18,1953.2
2020/9/21,1902.1
2020/9/22,1899.3
2020/9/23,1860.5
2020/9/24,1868.9
2020/9/25,1859.5
2020/9/28,1876.6
2020/9/29,1899.64
2020/9/30,1893.9
2020/10/1,1916.3
2020/10/2,1907.6
2020/10/5,1920.1
2020/10/6,1908.8
2020/10/7,1890.8
2020/10/8,1895.1
2020/10/9,1926.2
2020/10/12,1928.9
2020/10/13,1894.6
2020/10/14,1907.3
2020/10/15,1908.9
2020/10/16,1906.4
2020/10/19,1911.7
2020/10/20,1915.4
2020/10/21,1929.5
2020/10/22,1904.6
2020/10/23,1905.2
2020/10/26,1905.7
2020/10/27,1911.9
2020/10/28,1879.2
2020/10/29,1868
2020/10/30,1879.9
2020/11/2,1892.5
2020/11/3,1910.4
2020/11/4,1896.2
2020/11/5,1946.8
2020/11/6,1951.7
2020/11/9,1854.4
2020/11/10,1876.4
2020/11/11,1861.6
2020/11/12,1873.3
2020/11/13,1886.2
2020/11/16,1887.8
2020/11/17,1885.1
2020/11/18,1873.9
2020/11/19,1861.5
2020/11/20,1872.4
2020/11/23,1837.8
2020/11/24,1805.86
2020/11/25,1807.78
2020/11/27,1785.62
2020/11/30,1779.86
2020/12/1,1818.9
2020/12/2,1830.2
2020/12/3,1841.1
2020/12/4,1840
2020/12/7,1866
2020/12/8,1874.9
2020/12/9,1838.5
2020/12/10,1837.4
2020/12/11,1843.6
2020/12/14,1832.1
2020/12/15,1855.3
2020/12/16,1859.1
2020/12/17,1890.4
2020/12/18,1888.9
2020/12/21,1882.8
2020/12/22,1870.3
2020/12/23,1878.1
2020/12/24,1883.2
2020/12/28,1880.4
2020/12/29,1882.9
2020/12/30,1893.4
2020/12/31,1895.1
2021/1/4,1946.6
2021/1/5,1954.4
2021/1/6,1908.6
2021/1/7,1913.6
2021/1/8,1835.4
2021/1/11,1850.8
2021/1/12,1844.2
2021/1/13,1854.9
2021/1/14,1851.4
2021/1/15,1829.9
2021/1/19,1840.2
2021/1/20,1866.5
2021/1/21,1865.9
2021/1/22,1856.2
2021/1/25,1855.2
2021/1/26,1851.68
2021/1/27,1846.5
2021/1/28,1839.88
2021/1/29,1849.7
2021/2/1,1863.9
2021/2/2,1833.4
2021/2/3,1835.1
2021/2/4,1791.2
2021/2/5,1813
2021/2/8,1834.2
2021/2/9,1837.5
2021/2/10,1842.7
2021/2/11,1826.8
2021/2/12,1823.2
2021/2/16,1799
2021/2/17,1772.8
2021/2/18,1775
2021/2/19,1777.4
2021/2/22,1808.4
2021/2/23,1805.9
2021/2/24,1797.9
2021/2/25,1775.4
2021/2/26,1728.8
2021/3/1,1723
2021/3/2,1733.6
2021/3/3,1715.8
2021/3/4,1700.7
2021/3/5,1698.5
2021/3/8,1678
2021/3/9,1716.9
2021/3/10,1721.8
2021/3/11,1722.6
2021/3/12,1719.8
2021/3/15,1729.2
2021/3/16,1730.9
2021/3/17,1727.1
2021/3/18,1732.5
2021/3/19,1741.7
2021/3/22,1738.1
2021/3/23,1725.1
2021/3/24,1733.2
2021/3/25,1725.1
2021/3/26,1732.78
2021/3/29,1713.16
2021/3/30,1685.16
2021/3/31,1715.24
2021/4/1,1728.4
2021/4/5,1728.8
2021/4/6,1743
2021/4/7,1741.6
2021/4/8,1758.2
2021/4/9,1744.8
2021/4/12,1732.7
2021/4/13,1747.6
2021/4/14,1736.3
2021/4/15,1766.8
2021/4/16,1780.2
2021/4/19,1770.6
2021/4/20,1778.4
2021/4/21,1793.1
2021/4/22,1782
2021/4/23,1777.8
2021/4/26,1780.1
2021/4/27,1778.8
2021/4/28,1773.9
2021/4/29,1768.3
2021/4/30,1767.7
2021/5/3,1791.8
2021/5/4,1776
2021/5/5,1784.3
2021/5/6,1815.7
2021/5/7,1831.3
2021/5/10,1837.6
2021/5/11,1836.1
2021/5/12,1822.8
2021/5/13,1824
2021/5/14,1838.1
2021/5/17,1867.6
2021/5/18,1868
2021/5/19,1881.5
2021/5/20,1881.9
2021/5/21,1876.7
2021/5/24,1884.5
2021/5/25,1898.5
2021/5/26,1902.24
2021/5/27,1897.38
2021/5/28,1904.74
2021/6/1,1905
2021/6/2,1909.9
2021/6/3,1873.3
2021/6/4,1892
2021/6/7,1898.8
2021/6/8,1894.4
2021/6/9,1895.5
2021/6/10,1896.4
2021/6/11,1879.6
2021/6/14,1865.9
2021/6/15,1856.4
2021/6/16,1861.4
2021/6/17,1774.8
2021/6/18,1769
2021/6/21,1782.9
2021/6/22,1777.4
2021/6/23,1783.4
2021/6/24,1776.7
2021/6/25,1777.8
2021/6/28,1780.7
2021/6/29,1763.6
2021/6/30,1771.6
2021/7/1,1776.8
2021/7/2,1783.3
2021/7/6,1794.2
2021/7/7,1802.1
2021/7/8,1800.2
2021/7/9,1810.6
2021/7/12,1805.9
2021/7/13,1809.9
2021/7/14,1825
2021/7/15,1829
2021/7/16,1815
2021/7/19,1809.2
2021/7/20,1811.4
2021/7/21,1803.4
2021/7/22,1805.4
2021/7/23,1801.8
2021/7/26,1799.2
2021/7/27,1800.18
2021/7/28,1800.54
2021/7/29,1832.4
2021/7/30,1814.12
2021/8/2,1819.8
2021/8/3,1811.7
2021/8/4,1812.2
2021/8/5,1806.6
2021/8/6,1761.1
2021/8/9,1724.4
2021/8/10,1729.7
2021/8/11,1751.2
2021/8/12,1749.8
2021/8/13,1776
2021/8/16,1787.6
2021/8/17,1785.7
2021/8/18,1782.3
2021/8/19,1780.9
2021/8/20,1781.8
2021/8/23,1804
2021/8/24,1806.3
2021/8/25,1788.8
2021/8/26,1793
2021/8/27,1817.2
2021/8/30,1809.8
2021/8/31,1815.8
2021/9/1,1813.8
2021/9/2,1809.4
2021/9/3,1831.5
2021/9/6,1831.5
2021/9/7,1796.3
2021/9/8,1791.2
2021/9/9,1797.8
2021/9/10,1789.9
2021/9/13,1792.3
2021/9/14,1805
2021/9/15,1792.6
2021/9/16,1754.6
2021/9/17,1749.4
2021/9/20,1761.8
2021/9/21,1776.1
2021/9/22,1776.7
2021/9/23,1747.7
2021/9/24,1749.7
2021/9/27,1750.4
2021/9/28,1736.54
2021/9/29,1722.34
2021/9/30,1756.66
2021/10/1,1758.4
2021/10/4,1767.6
2021/10/5,1760.9
2021/10/6,1761.8
2021/10/7,1759.2
2021/10/8,1757.4
2021/10/11,1755.7
2021/10/12,1759.3
2021/10/13,1794.7
2021/10/14,1797.9
2021/10/15,1768.3
2021/10/18,1765.7
2021/10/19,1770.5
2021/10/20,1784.9
2021/10/21,1781.9
2021/10/22,1796.3
2021/10/25,1806.8
2021/10/26,1793.4
2021/10/27,1798.8
2021/10/28,1802.6
2021/10/29,1783.9
2021/11/1,1795.8
2021/11/2,1789.4
2021/11/3,1763.9
2021/11/4,1793.5
2021/11/5,1816.8
2021/11/8,1828
2021/11/9,1830.8
2021/11/10,1848.3
2021/11/11,1863.9
2021/11/12,1868.5
2021/11/15,1866.6
2021/11/16,1854.1
2021/11/17,1870.2
2021/11/18,1861.4
2021/11/19,1851.6
2021/11/22,1806.3
2021/11/23,1783.8
2021/11/24,1784.82
2021/11/26,1786.54
2021/11/29,1784.04
2021/11/30,1775.92
2021/12/1,1784.3
2021/12/2,1762.7
2021/12/3,1783.9
2021/12/6,1779.5
2021/12/7,1784.7
2021/12/8,1785.5
2021/12/9,1776.7
2021/12/10,1784.8
2021/12/13,1788.3
2021/12/14,1772.3
2021/12/15,1764.5
2021/12/16,1798.2
2021/12/17,1804.9
2021/12/20,1794.6
2021/12/21,1788.7
2021/12/22,1802.2
2021/12/23,1811.7
2021/12/24,1811.7
2021/12/26,1811.7
2021/12/27,1808.8
2021/12/28,1810.9
2021/12/29,1805.8
2021/12/30,1814.1
2021/12/31,1828.6
2022/1/3,1800.1
2022/1/4,1814.6
2022/1/5,1825.1
2022/1/6,1789.2
2022/1/7,1797.4
2022/1/10,1798.8
2022/1/11,1818.5
2022/1/12,1827.3
2022/1/13,1821.4
2022/1/14,1816.5
2022/1/18,1812.4
2022/1/19,1843.2
2022/1/20,1842.6
2022/1/21,1831.8
2022/1/24,1841.7
2022/1/25,1852.5
2022/1/26,1830.16
2022/1/27,1793.86
2022/1/28,1785.92
2022/1/31,1796.12
2022/2/1,1801.5
2022/2/2,1810.3
2022/2/3,1804.1
2022/2/4,1807.8
2022/2/7,1821.8
2022/2/8,1827.9
2022/2/9,1836.6
2022/2/10,1837.4
2022/2/11,1842.1
2022/2/14,1869.4
2022/2/15,1856.2
2022/2/16,1871.5
2022/2/17,1902
2022/2/18,1899.8
2022/2/21,1899.8
2022/2/22,1907.4
2022/2/23,1910.4
2022/2/24,1926.3
2022/2/25,1887.6
2022/2/28,1900.7
2022/3/1,1943.8
2022/3/2,1922.3
2022/3/3,1935.9
2022/3/4,1966.6
2022/3/7,1995.9
2022/3/8,2043.3
2022/3/9,1988.2
2022/3/10,2000.4
2022/3/11,1985
2022/3/14,1960.8
2022/3/15,1929.7
2022/3/16,1909.2
2022/3/17,1943.2
2022/3/18,1929.3
2022/3/21,1929.5
2022/3/22,1921.5
2022/3/23,1937.3
2022/3/24,1962.2
2022/3/25,1954.2
2022/3/28,1940.78
2022/3/29,1914.52
2022/3/30,1936.8
2022/3/31,1953.04
2022/4/1,1923.7
2022/4/4,1934
2022/4/5,1927.5
2022/4/6,1923.1
2022/4/7,1937.8
2022/4/8,1945.6
2022/4/11,1948.2
2022/4/12,1976.1
2022/4/13,1984.7
2022/4/14,1974.9
2022/4/15,1974.9
2022/4/18,1986.4
2022/4/19,1959
2022/4/20,1955.6
2022/4/21,1948.2
2022/4/22,1934.3
2022/4/25,1896
2022/4/26,1904.1
2022/4/27,1888.7
2022/4/28,1891.3
2022/4/29,1911.7
2022/5/2,1863.6
2022/5/3,1870.6
2022/5/4,1868.8
2022/5/5,1875.7
2022/5/6,1882.8
2022/5/9,1858.6
2022/5/10,1841
2022/5/11,1853.7
2022/5/12,1824.6
2022/5/13,1808.2
2022/5/16,1814
2022/5/17,1818.9
2022/5/18,1815.9
2022/5/19,1841.2
2022/5/20,1842.1
2022/5/23,1847.8
2022/5/24,1865.4
2022/5/25,1847.54
2022/5/26,1850.12
2022/5/27,1854.9
2022/5/31,1847.26
2022/6/1,1848.7
2022/6/2,1871.4
2022/6/3,1850.2
2022/6/6,1843.7
2022/6/7,1852.1
2022/6/8,1856.5
2022/6/9,1852.8
2022/6/10,1875.5
2022/6/13,1831.8
2022/6/14,1813.5
2022/6/15,1819.6
2022/6/16,1849.9
2022/6/17,1840.6
2022/6/20,1840.6
2022/6/21,1838.8
2022/6/22,1838.4
2022/6/23,1829.8
2022/6/24,1830.3
2022/6/27,1829.3382
2022/6/28,1824.4344
2022/6/29,1818.2373
2022/6/30,1817.4548
2022/7/1,1806.0776
2022/7/2,1811.12
2022/7/3,1811.12
2022/7/4,1807.3423
2022/7/5,1808.6291
2022/7/6,1767.9548
2022/7/7,1737.6013
2022/7/8,1740.4954
2022/7/9,1742.34
2022/7/10,1742.34
2022/7/11,1742.15
2022/7/12,1733.64
2022/7/13,1725.6
2022/7/14,1731.76
2022/7/15,1711.8
2022/7/16,1707.7
2022/7/17,1707.7
2022/7/18,1710.11
2022/7/19,1710.12
2022/7/20,1695.2131
2022/7/21,1718.4886
2022/7/22,1727.3163
2022/7/25,1719.245
2022/7/26,1718.1906
2022/7/27,1738.9701
2022/7/28,1754.669
2022/7/29,1766.4309
2022/8/1,1772.0067
2022/8/2,1756.4075
2022/8/3,1763.6446
2022/8/4,1792.8209
2022/8/5,1775.7796
2022/8/8,1789.0615
2022/8/9,1794.0933
2022/8/10,1791.7249
2022/8/11,1789.1296
2022/8/12,1802.7804
2022/8/15,1778.6433
2022/8/16,1776.1056
2022/8/17,1764.8633
2022/8/18,1758.455
2022/8/19,1747.435
2022/8/22,1735.1633
2022/8/23,1748.1523
2022/8/24,1751.2754
2022/8/25,1756.5567
2022/8/26,1739.1203
2022/8/29,1739.3102
2022/8/30,1723.1833
2022/8/31,1708.58
2022/9/1,1697.5306
2022/9/2,1712.5178
2022/9/5,1714.21
2022/9/6,1703.4835
2022/9/7,1716.4367
2022/9/8,1711.085
2022/9/9,1717.075
2022/9/12,1725.4175
2022/9/13,1702.2933
2022/9/14,1697.6191
2022/9/15,1662.5775
2022/9/16,1675.2805
2022/9/19,1675.4505
2022/9/20,1666.3787
2022/9/21,1666.8727
2022/9/22,1672.4703
2022/9/23,1644.4717
2022/9/26,1628.0698
2022/9/27,1628.9589
2022/9/28,1656.6025
2022/9/29,1664.2594
2022/9/30,1660.8799
2022/10/3,1701.0961
2022/10/4,1725.3733
2022/10/5,1718.2606
2022/10/6,1711.9558
2022/10/7,1695.0231
2022/10/10,1669.7836
2022/10/11,1664.1168
2022/10/12,1674.8588
2022/10/13,1663.9278
2022/10/14,1644.6412
2022/10/17,1650.1075
2022/10/18,1652.487
2022/10/19,1627.525
2022/10/20,1626.65
2022/10/21,1657.6825
2022/10/24,1652.015
2022/10/25,1652.5885
2022/10/26,1666.8893
2022/10/27,1662.1567
2022/10/28,1644.6679
2022/10/31,1632.38
2022/11/1,1646.655
2022/11/2,1633.8692
2022/11/3,1629.7067
2022/11/4,1681.325
2022/11/7,1675.2708
2022/11/8,1712.4447
2022/11/9,1706.7049
2022/11/10,1755.5
2022/11/11,1771.36
2022/11/14,1771.3933
2022/11/15,1779.1838
2022/11/16,1773.3999
2022/11/17,1760.4007
2022/11/18,1751.0784
2022/11/21,1737.9575
2022/11/22,1740.09
2022/11/23,1749.59
2022/11/24,1755.49
2022/11/25,1754.5487
2022/11/28,1741.275
2022/11/29,1749.815
2022/11/30,1768.61
2022/12/1,1803.055
2022/12/2,1797.915
2022/12/5,1768.915
2022/12/6,1770.6663
2022/12/7,1786.0849
2022/12/8,1789.1498
2022/12/9,1797.368
2022/12/12,1781.5723
2022/12/13,1810.9829
2022/12/14,1807.4906
2022/12/15,1776.9686
2022/12/16,1792.7961
2022/12/19,1787.5957
2022/12/20,1818.0246
2022/12/21,1814.5101
2022/12/22,1792.2667
2022/12/23,1798.4193
2022/12/26,1798.4353
2022/12/27,1813.7025
2022/12/28,1804.336
2022/12/29,1815.0549
2022/12/30,1824.3233
2023/1/2,1824.1633
2023/1/3,1839.6677
2023/1/4,1855.0746
2023/1/5,1859.76
2023/1/6,1865.888
2023/1/9,1872.1846
2023/1/10,1876.9378
2023/1/11,1876.2679
2023/1/12,1896.8403
2023/1/13,1920.4831
2023/1/16,1915.6618
2023/1/17,1908.5987
2023/1/18,1904.4307
2023/1/19,1932.2238
2023/1/20,1926.384
2023/1/23,1930.551
2023/1/24,1937.3769
2023/1/25,1945.9486
2023/1/26,1930.301
2023/1/27,1927.5
2023/1/30,1923.0734
2023/1/31,1928.1201
2023/2/1,1950.1689
2023/2/2,1912.6283
2023/2/3,1865.797
2023/2/6,1867.5463
2023/2/7,1872.5796
2023/2/8,1875.625
2023/2/9,1861.8583
2023/2/10,1865.5321
2023/2/13,1853.5286
2023/2/14,1854.1897
2023/2/15,1836.153
2023/2/16,1836
2023/2/17,1842.4007
2023/2/20,1841
2023/2/21,1834.7405
2023/2/22,1825.0473
2023/2/23,1821.9223
2023/2/24,1811.2736
2023/2/27,1817.3015
2023/2/28,1826.7404
2023/3/1,1836.7495
2023/3/2,1835.8915
2023/3/3,1855.334
2023/3/6,1846.6929
2023/3/7,1813.3341
2023/3/8,1813.8308
2023/3/9,1830.9041
2023/3/10,1868.1
2023/3/13,1912.1176
2023/3/14,1903.6483
2023/3/15,1921.6
2023/3/16,1919.3968
2023/3/17,1988.1368
2023/3/20,1976.6158
2023/3/21,1943.1898
2023/3/22,1969.7389
2023/3/23,1992.0096
2023/3/24,1978.2
2023/3/27,1956.5783
2023/3/28,1971.9989
2023/3/29,1962.9123
2023/3/30,1978.4419
2023/3/31,1969.5459
2023/4/3,1985.1859
2023/4/4,2020.8
2023/4/5,2020.202
2023/4/6,2007.8189
2023/4/7,2007.7987
2023/4/10,1992.2422
2023/4/11,2004.8729
2023/4/12,2017.6
2023/4/13,2039.6545
2023/4/14,2004.1205
2023/4/17,1994.2081
2023/4/18,2005
2023/4/19,1993.9113
2023/4/20,2005.0565
2023/4/21,1984.0135
2023/4/24,1995.2252
2023/4/25,1997.7
2023/4/26,1991.8474
2023/4/27,1987.0351
2023/4/28,1990.6
2023/5/1,1981.3728
2023/5/2,2015.9909
2023/5/3,2053.1347
2023/5/4,2049.5288
2023/5/5,2017.6
2023/5/8,2021.3453
2023/5/9,2036.5355
2023/5/10,2031.1
2023/5/11,2016.1165
2023/5/12,2010.5
2023/5/15,2014.5664
2023/5/16,1989.6507
2023/5/17,1981.9
2023/5/18,1958.2941
2023/5/19,1977.7358
2023/5/22,1969.9834
2023/5/23,1975.4855
2023/5/24,1959.9703
2023/5/25,1940.1062
2023/5/26,1946.2
2023/5/29,1941.6631
2023/5/30,1959.3698
2023/5/31,1965.2
2023/6/1,1977.0397
2023/6/2,1947.5
2023/6/5,1961.8269
2023/6/6,1963.3357
2023/6/7,1943.6
2023/6/8,1964.8183
2023/6/9,1960.7466
2023/6/12,1959.6
2023/6/13,1943.4588
2023/6/14,1943.7
2023/6/15,1958.3113
2023/6/16,1958.2
2023/6/19,1950.5949
2023/6/20,1936.9
2023/6/21,1934.2416
2023/6/22,1914.5721
2023/6/23,1920.2
2023/6/26,1921.7
2023/6/27,1913.7017
2023/6/28,1907.4425
2023/6/29,1908.2185
2023/6/30,1919.5693
2023/7/3,1921.6309
2023/7/4,1926.3286
2023/7/5,1915.1017
2023/7/6,1911.8249
2023/7/7,1924.4
2023/7/10,1924.7537
2023/7/11,1932.2929
2023/7/12,1957.2314
2023/7/13,1960.5595
2023/7/14,1954.3
2023/7/17,1954.4
2023/7/18,1977.7
2023/7/19,1976.0923
2023/7/20,1968.752
2023/7/21,1960.8422
2023/7/24,1953.2125
2023/7/25,1964.6734
2023/7/26,1972.3652
2023/7/27,1947.4727
2023/7/28,1959.3565
2023/7/31,1964.3387
2023/8/1,1951.6
2023/8/2,1935.1
2023/8/3,1934.8
2023/8/4,1942.6774
2023/8/7,1936.4764
2023/8/8,1924.6
2023/8/9,1914.7
2023/8/10,1912.0496
2023/8/11,1913.1
2023/8/14,1907.1
2023/8/15,1901.5505
2023/8/16,1891.4
2023/8/17,1891.1041
2023/8/18,1889.5322
2023/8/21,1893.9697
2023/8/22,1897.4942
2023/8/23,1916.7181
2023/8/24,1916.4
2023/8/25,1914.8
2023/8/28,1920.8
2023/8/29,1935.7
2023/8/30,1942.0769
2023/8/31,1939.8281
2023/9/1,1939.8074
2023/9/4,1937.8737
2023/9/5,1926.7786
2023/9/6,1915.7544
2023/9/7,1919.2429
2023/9/8,1919.0651
2023/9/11,1921.1
2023/9/12,1912.8
2023/9/13,1908.3985
2023/9/14,1909.5
2023/9/15,1923.9751
2023/9/18,1934.0997
2023/9/19,1930.651
2023/9/20,1929.4298
2023/9/21,1920.7
2023/9/22,1924.8
2023/9/25,1915
2023/9/26,1901.0703
2023/9/27,1876.3863
2023/9/28,1865.7358
2023/9/29,1848.4898
2023/10/2,1825.8402
2023/10/3,1822.6
2023/10/4,1822.6276
2023/10/5,1821.3811
2023/10/6,1832.3056
2023/10/9,1862.3528
2023/10/10,1859.4
2023/10/11,1875.2827
2023/10/12,1870
2023/10/13,1932.5
2023/10/16,1919.4009
2023/10/17,1923.9
2023/10/18,1949.3089
2023/10/19,1976.2423
2023/10/20,1981.1286
2023/10/23,1972.3933
2023/10/24,1972.323
2023/10/25,1979.8811
2023/10/26,1984.3613
2023/10/27,2005.6
2023/10/30,1996.0976
2023/10/31,1984.0109
2023/11/1,1984.4608
2023/11/2,1984.1135
2023/11/3,1992.2804
2023/11/6,1977.7347
2023/11/7,1967
2023/11/8,1948.2094
2023/11/9,1958.319
2023/11/10,1938.084
2023/11/13,1945.8226
2023/11/14,1962.9172
2023/11/15,1959.3275
2023/11/16,1980.8
2023/11/17,1980.9275
2023/11/20,1973.3863
2023/11/24,2001.4347
2023/11/27,2001.9
2023/11/28,2014.4
2023/11/29,2043.7
2023/11/30,2044.8957
2023/12/1,2039.4
2023/12/4,2115.1
2023/12/5,2032.5466
2023/12/6,2017.6
2023/12/7,2028.3244
2023/12/8,2004.3314
2023/12/11,1981.5917
2023/12/12,1979.4815
2023/12/13,2027.367
2023/12/14,2036.3925
2023/12/15,2019.9096
2023/12/18,2027.2215
2023/12/19,2040.2438
2023/12/20,2031.5913
2023/12/21,2045.9144
2023/12/22,2053.2469
2023/12/25,2054.4562
2023/12/26,2067.8311
2023/12/27,2077.2185
2023/12/28,2065.3903
2023/12/29,2062.9233
2024/1/1,2064.6056
2024/1/2,2059.0028
2024/1/3,2041.3704
2024/1/4,2043.4165
2024/1/5,2045.6298
2024/1/8,2028.2268
2024/1/9,2030.1188
2024/1/10,2024.3192
2024/1/11,2028.6239
2024/1/12,2049.174
2024/1/15,2054.772
2024/1/16,2028.4449
2024/1/17,2006.33
2024/1/18,2023.1038
2024/1/19,2029.6244
2024/1/22,2021.7173
2024/1/23,2029.1878
2024/1/24,2014.0865
2024/1/25,2020.8981
2024/1/26,2018.5729
2024/1/29,2032.4088
2024/1/30,2036.7646
2024/1/31,2039.1538
2024/2/1,2054.7804
2024/2/2,2039.5759
2024/2/5,2024.8776
2024/2/6,2035.9405
2024/2/7,2035.0269
2024/2/8,2034.2279
2024/2/9,2024.3591
2024/2/12,2020.1173
2024/2/13,1992.8894
2024/2/14,1992.0557
2024/2/15,2004.0683
2024/2/16,2013.1418
2024/2/19,2017.9517
2024/2/20,2024.3222
2024/2/21,2026.0469
2024/2/22,2024.3489
2024/2/23,2035.4784
2024/2/26,2031.3003
2024/2/27,2030.4919
2024/2/28,2034.499
2024/2/29,2044.1997
2024/3/1,2082.6413
2024/3/4,2114.2934
2024/3/5,2127.8362
2024/3/6,2148.1446
2024/3/7,2159.9135
2024/3/8,2178.8819
2024/3/11,2183.4919
2024/3/12,2157.1762
2024/3/13,2175.3767
2024/3/14,2161.7789
2024/3/15,2156.0553
2024/3/18,2160.0768
2024/3/19,2157.488
2024/3/20,2205.4267
2024/3/21,2181.5104
2024/3/22,2165.4677
2024/3/25,2171.8451
2024/3/26,2179.6037
2024/3/27,2194.7874
2024/3/28,2231.5562
2024/3/29,2231.5551
2024/4/1,2251.2079
2024/4/2,2280.7098
2024/4/3,2297.414
2024/4/4,2289.456
2024/4/5,2330.0383
2024/4/8,2338.6944
2024/4/9,2354.4258
2024/4/10,2333.3847
2024/4/11,2376.6094
2024/4/12,2344.3966
2024/4/15,2383.1653
2024/4/16,2383.4523
2024/4/17,2367.612
2024/4/18,2380.3403
2024/4/19,2391.4636
